"* Required Fields","* Champs requis"
"-- No Status Change --","-- Pas de changement de statut --"
"3D Secure","3D Secure"
"3D Secure Authentication","Authentification 3D Secure"
"3D Secure failed","3D Secure a échoué."
"3D Secure sucess","3D Secure avec succès"
"A authorized transaction cannot be authorized again.","Une transaction autorisée ne peut pas être autorisée à nouveau."
"A authorized transaction cannot be marked as failed.","Une transaction autorisée ne peut pas être marquée comme échouée"
"A cancelled transaction cannot be authorized.","Une transaction annulée ne peut pas être autorisée."
"A cancelled transaction cannot be cancelled again.","Une transaction annulée ne peut pas être annulée à nouveau."
"A cancelled transaction cannot be captured.","Une transaction annulée ne peut pas être comptabilisée"
"A cancelled transaction cannot be marked as failed.","Une transaction annulée ne peut pas être marquée comme échouée."
"A cancelled transaction cannot be refunded.","Une autorisation annulée ne peut pas être remboursée."
"A captured transaction cannot be authorized.","Une transaction comptabilisée ne peut pas être autorisée."
"A captured transaction cannot be cancelled.","Une transaction comptabilisée ne peut pas être annulée."
"A captured transaction cannot be marked as failed.","Une transaction comptabilisée ne peut pas être marquée comme échouée"
"A failed authorization cannot be authorized.","Une transaction échouée ne peut pas être autorisée."
"A payment method may not available for customers from different counties. You can decide when this availability check should happen. We recommend to set it during authorization","Certains modes de paiement ne sont pas disponible pour des pays spécifiques. Définissez l'instant dans lequel vous voulez que le contrôle de disponibilité soit fait. Nous recommendons séléctionner 'Pendant l'autorisation'."
"A refund was added over !amount.","Un remboursement de !amount a été ajouté."
"A transaction may be uncertain, when the payment is not guaranteed. For example in case the credit card does not participate in the 3D procedure.","Une transaction peut être incertaine si le paiement n'est pas garanti. Par example, si la carte de crédit ne fait pas partie du processus 3D secure."
"AVS data is invalid or AVS is not allowed for this card type.","AVS n'est pas valable ou AVS n'est pas permis pour cette type de carte."
"About","À propos de nous"
"Account Holder Name","Nom du titulaire du compte"
"Account owner name.","Nom du titulaire du compte"
"Action","Action"
"Actions","Actions"
"Activate","Activé"
"Activate the payment method and test.","Activez le mode de paiement et testez le."
"Active","Activé"
"Additional Information","Informations complémentaires"
"Address Verification Result","Résultat de la vérification de l'adresse"
"Address information unavailable. Returned if the U.S. bank does not support non-U.S. AVS or if the AVS in a U.S. bank is not functioning properly.","Les informations d'adresse ne sont pas disponibles. Renvoyé si la banque américaine n'accepte pas les AVS non-US ou si l'AVS ne fonctionne pas correctement dans une banque américaine."
"Address not verified.","L'adresse n'a pas pu été vérifiée."
"Adjust Qty","Ajuster la quantité"
"Adjustment Discount","Ajustement des rabais"
"Adjustment Fee","Frais d'ajustement"
"After payment selection","Après la sélection du mode de paiement"
"After selecting the payment method","Après avoir sélectionné le mode de paiement"
"Ajax authorization not supported.","Autorisation Ajax pas possible."
"Alias","Alias"
"Alias For Display","Alias pour l'affichage"
"Alias Manager Account","One Click Checkout (Alias Manager)"
"All Customers","Tous les clients"
"Allowed Currencies","Devises autorisés"
"Allowed currencies for this payment method","Devises autorisées pour cette méthode de paiement"
"Already registered?","Déjà inscrit?"
"Always Checkout as Guest","Toujours commander en tant qu'invité"
"American Express","American Express"
"Amount","Montant"
"Amount Incl. Tax","Montant Incl. Impôt"
"An SVG image (scalability) provided by the merchant. The image needs to be uploaded by using the Datatrans Web Administration Tool.","Une image SVG (scalable) fournie par le marchand. L'image doit être téléchargé à l'aide de l'outil d'administration Web Datatrans."
"An error ocurred.","Une erreur est survenue."
"Are you sure you want to cancel this order?","Êtes-vous sûr d'annuler cette commande?"
"Author","Auteur"
"Authorization Amount","Montant de l'autorisation"
"Authorization Failed","Autorisation a échouée"
"Authorization Method","Mode d'autorisation"
"Authorization Number","Numéro d'autorisation"
"Authorization Status","État de l'autorisation"
"Authorization is uncertain.","Autorisation est incertaine"
"Authorized Status","Statut autorisé"
"Await Notification","Attendre la notification"
"Awaiting confirmation","En attente de confirmation"
"BIC","BIC"
"Bad signature format.","Format de signature incorrect"
"Bank Location","Lieu de la banque"
"Bank Name","Nom de la banque"
"Bank account number","Número du compte bancaire"
"Bank code number","Numéro de code banquaire"
"Bank does not support AVS.","La banque ne supporte pas AVS."
"Before payment selection","Avant la sélection du mode de paiement"
"Before showing the payment method","Avant de choisir le mode de paiement"
"Billing Address","Adresse de facturation"
"Billing Information","Information de facturation"
"Billing address","Billing address"
"Billing address is sent","Envoyer adresse de facturation à Datatrans"
"Bonuscard","Bonuscard"
"Brand Color","Couleur Brand"
"Brand Name","Nom de marque"
"By setting the capturing the reservation can be captured directly after the order or later manually over the backend of the store.","En configurant la capture, les réservations peuvent être capturés directement après la commande ou plus tard manuellement depuis le backend du magasin."
"CVC Code","Code de sécurité (CVC)"
"CVC: The user is asked for the CVC. (default)","CVC: L'utilisateur est demandé d'insérer son CVC (par défaut)"
"Cancel","Annuler"
"Cancel ID","Cancel ID"
"Cancel failed with an unknown error.","L'annulation a échouée avec une erreur inconnue"
"Cancel pending orders when out of stock","Annuler les commandes en attentes si l'article n'est pas en stock"
"Cancel status","Statut d'annulation"
"Canceled DatatransCw","DatatransCw Annulé"
"Canceling of this payment not possible!","L'annulation de ce paiement n'est pas possible!"
"Cancelled Status","Statut Annulé"
"Cancelled by the customer.","Annulé par le client."
"Cannot update item quantity.","Vous ne pouvez pas mettre à jour la quantité de l'article."
"Capture Amount","Montant de comptabilisation"
"Capture ID","ID de comptabilisation"
"Capture amount","Montant comptabilisé"
"Capture information","Information de comptabilisation"
"Capture status","Statut de combtabilisation"
"Capture: Don't Close","Comptabilisation: Ne pas fermer"
"Captured Amount","Montant comptabilisé"
"Captured Status","Statut de capture"
"Captures","Comptabilisations"
"Captures & Refunds","Captures et Remboursements"
"Capturing","Comptabiliser"
"Card Expiration","Date d'expiration de la carte"
"Card Expiry","Date d'expiration"
"Card Holder","Titulaire de la carte"
"Card Holder Name","Titulaire de la carte"
"Card Number","Numéro de la carte"
"Card member's name and billing address match, but billing postal code does not match.","Nom du titulaire de la carte et code postal de la facture correspondent, mais l'adresse de facturation ne correspond pas."
"Card member's name and billing postal code match, but billing address does not match.","Nom du titulaire de la carte et code postal de la facture correspondent, mais l'adresse de facturation ne correspond pas."
"Card member's name does not match, but billing postal code matches.","Le nom du membre de la carte ne correspond pas, mais le code postal de facturation est correct."
"Card member's name does not match, but street address matches.","La rue correspond, mais le nom du titulaire de la carte ne correspond pas."
"Card member's name does not match. Street address and postal code match.","Rue et code postale correspondent. Nom du titulaire de la carte ne correspond pas."
"Card member's name matches but billing address and billing postal code do not match.","Le nom du titulaire de la carte correspond, mais le code postal de l'adresse de facturation et l'adresse de facturation ne correspondent pas."
"Card member's name, billing address, and billing postal code match.","Nom du titulaire de la carte, adresse de facturation et code postale correspondent."
"Card member's name, billing address, and postal code match.","Nom du titulaire de la carte, adresse de facturation et code postale correspondent."
"Card number must not be empty.","Veuillez insérer le numero de carte."
"Carrier Title","Titre du transporteur"
"Check out faster","Commander plus vite"
"Check to activate the external checkout.","Marquer cette option pour activer la vérification externe."
"Checkout","Checkout"
"Checkout as Guest","Checkout en tant qu'invité"
"Checkout as a Guest or Register","Passer à la caisse en tant que client ou créer un compte"
"Checkout as a new customer","Commander en tant que nouveau client"
"Checkout using your account","Commander en utilisant votre compte"
"Checkout with MasterPass.","Payer avec MasterPass."
"Choose settlement after order in case you want an invoice to be created with your oder. The state of the invoice will set according to your capture status","Séléctionnez 'Génération après la commande' si vous voulez qu'une facture soit créée pour la commande. Le statut de la facture sera celui du statut de la comptabilisation."
"Choose settlement after order in case you want an invoice to be created with your oder. The state of the invoice will set according to your capture status. For captured payments, an invoice is always created.","Séléctionnez 'Génération après la commande' si vous voulez qu'une facture soit créée pour la commande. Le statut de la facture sera celui du statut de la comptabilisation. Pour les paiements saisis, une facture est toujours créée."
"Company Commercial Number","Société Nombre de commerce"
"Company Registry Number","Société numéro de registre"
"Confirm Password","Confirmer le mot de passe"
"Continue","Continuer"
"Copy the URL Post that you find below (notification URL) into the Datatrans Backend (Section UPP Administration > UPP Data).","Copiez l'URL Post que vous trouvez ci-dessous (notification URL) dans le backend de Datatrans (sous UPP Administration > UPP Data.)."
"Could not convert object of type '!type' to string.","Impossible de convertir objet de type '!type' à string."
"Could not find a brand for the given card number.","Impossible de trouver une marque pour le numéro de carte donnée."
"Could not find an adapter for the authorization method !methodName.","Pas d'adapteur trouvé pour la méthode d'autorisation !methodName."
"Could not find an adapter for the authoriztion method !methodName.","Impossible de trouver un adaptateur pour la mode d'autorisation !methodName."
"Could not find pressed button.","Impossible de trouver le bouton pressé."
"Could not find template file at default location '!location'.","Impossible de trouver le fichier template dans le répertoire par défaut '!location'."
"Could not find the payment method !paymentMethodName.","Impossible de trouver le mode de paiement !paymentMethodName."
"Could not load layout from URL !url. Reason: !reason","Impossible de charger le template à partir de l'URL !url. Raison: !reason"
"Create Account","Créer un compte"
"Create New Order - Payment","Créer nouvelle commande - Paiement"
"Create a recurring payment, with an existing alias is not supported","Création d'un paiement récurrent avec un alias existant n'est pas possible."
"Creating an account has many benefits:","La création d'un compte a de nombreux avantages:"
"Creation Date","Date de création"
"Credit Card Brands","Types de cartes de crédit"
"Credit Card Customer Country","Pays émetteur de la carte"
"Credit Memo History","Histoire de note de crédit"
"Credit Memo Totals","Totaux note de crédit"
"Credit memo's total must be positive.","Total de note de crédit doit être positive."
"CreditPass Purchase Type","Mail Order / Telephone Order (MoTo)"
"Currency","Monnaie"
"Currency !currency not supported, must be CHF","La devise !currency n'est pas acceptée, la devise doit être CHF."
"Current Configuration Scope:","Champ d'application actuel de la configuration:"
"Customer Account","Compte client"
"Customer Address","Adresse du client"
"Customer Alias Management","Gestion des Alias du client"
"Customer successfully returned from DatatransCw","Le client est retourné de DatatransCw avec succès"
"Customer successfully returned from Datatrans","Client retourné avec succès de la page de paiement de DatatransCw."
"Customer sucessfully returned from the DatatransCw payment page.","Client retourné avec succès de la page de paiement de DatatransCw."
"Customers","Clients"
"Customweb","Customweb"
"Dankort","Dankort"
"Date","Date"
"Date of Birth","Date de naissance"
"Day","Jour"
"Deactivate","Désactiver"
"Dear customer we have received your billing and shipping information. In order to finish your order please create an account below or checkout as guest.","Cher client, nous avons reçu votre information de facturation et de livraison. Pour terminer votre commande veuillez créer un compte ci-dessous ou continuez en tant qu'invité."
"Dear customer, it appears to us that your payment was successful, but we are still waiting for confirmation. You can wait on this page and we will redirect you after we received the confirmation. Or you can close this window and we will send out an order confirmation email.","Cher client, il nous semble que votre paiement a été un succès, mais nous sommes toujours en attente de la confirmation. Vous pouvez attendre sur cette page et vous serez redirigé après que nous ayons reçu la confirmation. Vous pouvez aussi fermer cette fenêtre et nous vous enverrons un e-mail de confirmation de la commande."
"Decides if the pay button should have the same color as the brandColor. Possible Values: &quot;true&quot; or &quot;false&quot;. If set to false the hex color #01669F will be used as a default.","Décide si le bouton 'Payer' doit avoir la même couleur que le Brand. Valeurs possibles: &quot;true&quot; oder &quot;false&quot;. Si aucune valeur a été donnée la couleur hexadécimale #01669F sera utilisée par défaut."
"Decides whether the logo shall be styled with a border around it, if the value is true the default background color is chosen, else the provided string is used as color value. Possible values: colors in hexadecimal code (#FFFFFF) or &quot;true&quot; or &quot;false&quot;","Décidez si le logo doit être stylé avec une bordure autour de lui. Si la valeur est 'true' la couleur de fond par défaut sera utilisée, sinon la couleur définie sera utilisée comme couleur. Valeurs possibles: couleurs avec un code hexadécimal (#FFFFFF) ou &quot;true&quot; or &quot;false&quot;"
"Default Account","Compte par défaut"
"Default Config","Configuration par défaut"
"Default Values","Valeurs par défaut"
"Deferred","Differé"
"Deferred (authorization)","Différé (autorisation)"
"Deferred capturing","Comptabilisation retardée"
"Deferred settlement","Génération retardée"
"Define a maximal order total for this checkout to be available.","Définir un total de commande maximale pour que ce checkout soit disponible."
"Define a minimal order total for this checkout to be available.","Définir un total de commande minimale pour que ce checkout soit disponible."
"Delayed","Differé"
"Delete","Effacer"
"Delivery address","Delivery address"
"Delivery address is sent","Envoyer l'adresse de livraison"
"Description","Description"
"Diners Club","Diners Club"
"Direct Debits","Direct Debits"
"Direct E-Banking","Sofort Banking"
"Direct capture after order","Directement après la commande"
"Directly after order","Directement après la commande"
"Directly after order (sale)","Directement après la commande"
"Disabled","Désactivé"
"Discount","Rabais"
"Discount Amount","Montant du rabais"
"Do not mark them","Ne pas marquer"
"Don't change order status","Ne pas modifier le statut de la commande"
"During authorization","Pendant l'autorisation"
"During the authorization","Pendant l'autorisation"
"ESR Data","BVR Data"
"EasyPay Title","EasyPay Titre"
"Edit","Modifier"
"Edit Invoice %s","Éditer la facture %s"
"Email Address","E-mail"
"Empty version number field name","Nom de champ de numéro de version vide"
"Enable or disable logging.","Activer ou désactiver le logging."
"Enable the payment method","Activer le mode de paiement"
"Enabled","Activé"
"Enter the Live MerchantID.","Veuillez insérer le Live Merchant ID."
"Enter the date on which your card expires.","Veuillez sélectionner la date d’expiration"
"Error during Update: !msg","Erreur lors de la mise à jour: !msg"
"Error with the length of the validation date.","Erreur avec la longueur de la date de validation."
"ErrorCode: !code","Code d'erreur:! Code"
"Excl. Tax","Excl. impôt"
"External Checkout","Vérification externe"
"External Checkout: Guest Checkout","Validation externe : Guest Checkout"
"Failed","Raté"
"Failed payment authorization.","L'autorisation a été refusée."
"Female","Femelle"
"Figure !number:","Image !number:"
"Forgot Your Password?","Vous avez oublié votre mot de passe?"
"Forgot your password?","Mot de passe oublié?"
"Gender","Sexe"
"German ELV transactions can be processed with an integrated credit and address check. The merchant has to agree with CreditPass (Telego) the test rules. The test rule is referred to by a 'Purchase Type'. If you don't want to use this feature, you can leave this field empty.","Les transactions ELV allemandes peuvent être traitées avec une vérification de crédit et d'adresse intégrée. Le vendeur doit être d'accord avec les règles de test CreditPass (Telego). La règle d'essai est désigné par 'Purchase Type'. Si vous ne souhaitez pas utiliser cette fonctionnalité, vous pouvez laisser ce champ vide."
"Get Update","Mettre à jour"
"Header Color","Couleur de l'en-tête"
"Here you can define a Shop ID. This is only necessary if you wish to operate several shops with one Datatrans account. In order to use this module, an additional module is required.","Ici vous pouvez définir une Shop ID. Cela ne est nécessaire si vous souhaitez utiliser plusieures boutiques en ligne avec une seule PSP ID. Pour utiliser cette option, un module supplémentaire est nécessaire."
"Here you can insert a transaction prefix. The prefix allows you to change the transaction number that is transmitted to Datatrans. The prefix must contain the tag {id}. It will then be replaced by the order number (e.g. name_{id}).","Ici vous pouvez insérer un préfixe de la commande. Le préfixe vous permet de changer le numéro de commande qui est transmis à Datatrans. Le préfixe doit contenir le tag {id}. Il sera ensuite remplacé par le numéro de commande (par exemple name-{id}). Assurez-vous de ne pas utiliser '_'."
"Here you can insert an order prefix. The prefix allows you to change the order number that is transmitted to Authorize.net. The prefix must contain the tag {id}. It will then be replaced by the order number (e.g. name_{id}).","Ici vous pouvez insérer un préfixe de la commande. Le préfixe vous permet de changer le numéro de commande qui est transmis à Datatrans. Le préfixe doit contenir le tag {id}. Il sera ensuite remplacé par le numéro de commande (par exemple name-{id}). Assurez-vous de ne pas utiliser '_'."
"Here you can set if the invoice will be sent by you together with the product. In this case Datatrans will provide additional data for printing an ESR slip. This feature must be active with the processor as well as Datatrans. You must then process this data yourself. Only supported by Powerpay. Otherwise Powerpay will send the invoice in your stead.","Here you can set if the invoice will be sent by you together with the product. In this case Datatrans will provide additional data for printing an ESR slip. This feature must be active with the processor as well as Datatrans. You must then process this data yourself. Only supported by Powerpay. Otherwise Powerpay will send the invoice in your stead."
"Here you can specify the text, which is shown to the customer on the Easypay website. If the text contains the tag {id}, it will be replaced with the order number.","Vous pouvez écrire ici le text à montrer aux clients sur le site EasyPay. Si le text contient le tag {id}, ce dernier va être remplacé par le numero de l'ordre."
"Hide","Masquer"
"IBAN","IBAN"
"IBAN number","Número du compte bancaire"
"IFrame Height","Hauteur de l'iFrame"
"If a product is in stock only once and the payment of the customer ordering this product fails or is aborted, it won't be available until the order is canceled (see timeout option below). Enable this setting to cancel the customer's pending orders when he returns to the cart page and a product is not available anymore.","S'il y a qu'une seule pièce de l'article en stock et le paiement du client échoue ou est annulé, cette article ne sera pas disponible jusqu'à que la commande soit annulée (option 'timeout' en bas). Activez cette option si vous voulez que l'article ne soit pas réservé. La commande sera donc annulée immédiatement."
"If a product is in stock only once and the payment of the customer ordering this product fails or is aborted, it won't be available until the order is canceled (see timeout option below). Enable this setting to cancel the customer's pending orders when he returns to the cart page and a product is not available anymore. Be careful though: If you enable this option, there is a chance that payments are made with the corresponding order being already canceled.","Si un produit est en stock qu'une seule fois et le paiement de la commande du client ce produit échoue ou est abandonnée, il ne sera pas disponible jusqu'à ce que la commande est annulée (voir option de temporisation ci-dessous). Activez ce paramètre pour annuler les commandes en attente du client quand il revient à la page de panier et un produit ne sont plus disponible. Attention: Si vous activez cette option, il ya une chance que les paiements sont faits avec la commande correspondante étant déjà annulé."
"If it is not applicable leave the field empty.","Si ce n'est pas applicable veuillez laisser le champ vide."
"If no liability shift is given for a transaction, should the transaction be marked as uncertain?","Est-ce que le paiement est effectué sans transfert de responsabilité ou est-ce que vous voulez que la transaction soit marquée incertaine?"
"If the status is 'Pending' it is unclear whether the transaction will be cancelled successfully.","Si l'état est 'En attente', il est difficile de savoir si la transaction sera annulée avec succès."
"If the status is 'Pending' it is unclear whether the transaction will be captured successfully.","Si l'état est 'En attente', il est difficile de savoir si la transaction sera capturé avec succès."
"If the status is 'Pending' it is unclear whether the transaction will be refunded successfully.","Si l'état est 'En attente', il est difficile de savoir si l'opération sera remboursé avec succès."
"If the test mode is selected the test account is used. Otherwise the configured account is used.","Si le mode de test est sélectionné, le compte test sera utilisé. Sinon, le compte configuré sera utilisé."
"If you have any issues with the module please feel free to contact us. See our <a href='https://www.sellxed.com/en/support' target='_blank'>support page</a> for more information.","Si vous avez des problèmes avec le module, n'hésitez pas à nous contacter. Consultez notre <a href='https://www.sellxed.com/en/support' target='_blank'>page d'assistance</a> pour plus d'informations."
"If you would like to use recurring payments, you need our magento module ""Customweb Subscription"". For further information go to <a href=""http://www.sellxed.com/shop/"" target=""_blank"">sellxed.com</a>.","Si vous souhaitez utiliser les paiements récurrents, vous avez besoin de notre module de Magento 'Customweb Subscription'. Pour plus d'informations, veuillez aller sur <a href=""http://www.sellxed.com/shop/"" target=""_blank"">sellxed.com</a>."
"Iframe Theme Name","Nom du thème iFrame"
"Image Brand Selection","Image Brand Selection"
"In case you use security 2 you can activate a separate sign (sign2) for the request done by Datatrans to your server. In this field you can provide this second sign for your live account.","Si vous utilisez le niveau de sécurité 2, vous pouvez activer un signe distinct (sign2) pour les requêtes de Datatrans à votre serveur. Vous pouvez insérer un deuxième signe pour votre compte live ici."
"In case you use security 2 you can activate a separate sign (sign2) for the request done by Datatrans to your server. In this field you can provide this second sign for your test account.","Si vous utilisez le niveau de sécurité 2, vous pouvez activer un signe distinct (sign2) pour les requêtes de Datatrans à votre serveur. Vous pouvez insérer un deuxième signe pour votre compte test ici."
"In case you use security 2 you can activate a separate sign (sign2) for the request done by Datatrans to your server. In this field you can provide this second sign for your test account. This setting is used only for mail and phone orders (MoTo) and for recurring payments.","Si vous utilisez le niveau de sécurité 2, vous pouvez activer un signe distinct (sign2) pour les requêtes de Datatrans à votre serveur. Vous pouvez insérer un deuxième signe pour votre compte de test ici. Cette option est utilisée uniquement pour les commandes par téléphone et e-mail (Moto) et pour les paiements récurrents."
"In case you use security 2 you can activate a separate sign (sign2) for the request done by Datatrans to your server. In this field you can provide this second sign for your test account. This setting is used only for mail and phone orders (MoTo) payments.","Dans le cas où vous utilisez la sécurité 2, vous pouvez activer un signe distinct (sign2) pour la demande effectuée par Datatrans à votre serveur. Dans ce champ, vous pouvez fournir ce deuxième signe pour votre compte de test. Ce paramètre est utilisé uniquement pour les commandes MoTo."
"In case you use security 2 you can activate a separate sign (sign2) for the request done by Datatrans to your server. In this field you can provide this second sign for your test account. This setting is used only for recurring payments.","Dans le cas où vous utilisez la sécurité 2, vous pouvez activer un signe distinct (sign2) pour la demande effectuée par Datatrans à votre serveur. Dans ce champ, vous pouvez fournir ce deuxième signe pour votre compte de test. Ce paramètre est utilisé uniquement pour les paiements récurrents."
"In case you use security level 1 or 2 you have to provide a sign. This sign can be found in the backend of Datatrans of your live account.","Si vous utilisez le niveau de sécurité 1 ou 2, vous devez insérer un signe. Cela peut être trouvé dans le backend de Datatrans de votre compte live."
"In case you use security level 1 or 2 you have to provide a sign. This sign can be found in the backend of Datatrans of your live account. This setting is used only for mail and phone orders (MoTo) and for recurring payments.","Dans le cas où vous utilisez le niveau de sécurité 1 ou 2, vous devez utiliser une signature distincte. La signature peut être trouvée chez Datatrans dans votre compte de production. Ce paramètre est utilisé uniquement pour les commande MoTo."
"In case you use security level 1 or 2 you have to provide a sign. This sign can be found in the backend of Datatrans of your live account. This setting is used only for mail and phone orders (MoTo) payments.","Dans le cas où vous utilisez le niveau de sécurité 1 ou 2, vous devez utiliser une signature distincte. La signature peut être trouvée chez Datatrans dans votre compte de production. Ce paramètre est utilisé uniquement pour les commande MoTo."
"In case you use security level 1 or 2 you have to provide a sign. This sign can be found in the backend of Datatrans of your live account. This setting is used only for recurring payments.","Dans le cas où vous utilisez le niveau de sécurité 1 ou 2, vous devez utiliser une signature distincte. La signature peut être trouvée chez Datatrans dans votre compte de production. Ce paramètre est utilisé uniquement pour les paiements récurrents."
"In case you use security level 1 or 2 you have to provide a sign. This sign can be found in the backend of Datatrans of your test account.","Si vous utilisez le niveau de sécurité 1 ou 2, vous devez entrer un signe. Cela peut être trouvé dans le backend de Datatrans de votre compte test."
"In case you use security level 1 or 2 you have to provide a sign. This sign can be found in the backend of Datatrans of your test account. This setting is used only for mail and phone orders (MoTo) and for recurring payments.","Dans le cas où vous utilisez le niveau de sécurité 1 ou 2, vous devez utiliser une signature distincte. La signature peut être trouvée chez Datatrans dans votre compte de production. Ce paramètre est utilisé uniquement pour les commande MoTo."
"In case you use security level 1 or 2 you have to provide a sign. This sign can be found in the backend of Datatrans of your test account. This setting is used only for mail and phone orders (MoTo) payments.","Dans le cas où vous utilisez le niveau de sécurité 1 ou 2, vous devez utiliser une signature distincte. La signature peut être trouvée chez Datatrans dans votre compte de production. Ce paramètre est utilisé uniquement pour les commande MoTo."
"In case you use security level 1 or 2 you have to provide a sign. This sign can be found in the backend of Datatrans of your test account. This setting is used only for recurring payments.","Dans le cas où vous utilisez le niveau de sécurité 1 ou 2, vous devez utiliser une signature distincte. La signature peut être trouvée chez Datatrans dans votre compte de test. Ce paramètre est utilisé uniquement pour les paiements récurrents."
"In some cases it may take a few seconds until the transaction is successfully authorized. When this option is enabled, the notification is awaited.","Dans certains cas, il peut prendre quelques secondes jusqu'à ce que la transaction soit autorisée avec succès. Lorsque cette option est activée, la boutique attendra la notification quelques secondes."
"In some cases the transaction requires a few seconds until it is successfully authorized. When this option is enabled the user is hold until the transaction reach the final state. If this is not the case in 30 seconds a message is shown to the customer, which explains the situation.","Dans certains cas, l'opération nécessite quelques secondes jusqu'à ce qu'elle est autorisée avec succès. Lorsque cette option est activée l'utilisateur est en attente jusqu'à ce que celle-ci atteigne l'état final. Si ce n'est pas le cas en 30 secondes, un message s'affiche pour le client, qui explique la situation."
"Inactive","Inactif"
"Incl. Tax","Incl. TVA"
"Information","Information"
"Inline Theme Name","Nom du thème Inline"
"Invalid login or password.","Nom d'utilisateur inexistant ou mauvais mot de passe."
"Invoice Items","Eléments de la facture"
"Invoice On Delivery","Invoice On Delivery"
"Invoice Settlement","Le règlement des factures"
"Invoice Totals","Totaux facture"
"Invoice settlement","Génération de la facture"
"Invoice was created successfully","La facture a été créée avec succès"
"Invoices","Factures"
"Issue Number","Numéro"
"It is not possible to checkout in your country.","Paiements de ce pays ne seront pas acceptés."
"Item","Article"
"Items","Articles"
"Items Refunded","Articles Remboursé"
"JCB","JCB"
"Learn More","Découvrir plus"
"Level 0: No Signatures","Level 0: Pas de signatures"
"Level 1: Basic Signatures","Level 1: Signatures de base"
"Level 2: Full Signatures (HMAC-MD5)","Level 2: Signatures complètes (HMAC-MD5)"
"Level 2: Full Signatures (HMAC-SHA-256)","Level 2: Full Signatures (HMAC-SHA-256)"
"Liability Shift Behavior","Comportement du transfert de responsabilité"
"Live Environment","Environnement Live"
"Live HMAC Key","Live HMAC Key"
"Live Identifier (PBX_IDENTIFIANT)","Live identifiant (PBX_IDENTIFIANT)"
"Live Mode","Live Mode"
"Live Password","Mot de passe live"
"Live Rang (PBX_RANG)","Live Rang (PBX_RANG)"
"Live Site ID (PBX_SITE)","Live Site ID (PBX_SITE)"
"Logging","Logging"
"Login","Login"
"Login & Register","Login & Inscription"
"Login and password are required.","Login et mot de passe sont requis."
"Logo Border Color","Couleur de la bordure du logo"
"Logo Source","URL du logo"
"Logo Style","Style du logo"
"Maestro International","Maestro International"
"Mail Order / Telephone Order (MoTo)","Ordre par e-mail/téléphone (MoTo)"
"Mail order/telephone order authorization","Authentification par e-mail / téléphone"
"Male","Mâle"
"Manage Stores","Gérer Magasins"
"Manage Datatrans Aliases","Gérer les Alias Datatrans"
"Mark transactions without liability shift as uncertain","Marquer les transactions sans transfert de responsabilité incertaines"
"MasterCard","MasterCard"
"MasterPass","MasterPass"
"MasterPass: Order Confirmation","MasterPass: Confirmation de la commande"
"Maximum Order Total","Montant de commande maximal"
"Message","Message"
"Method Title","Titre de la méthode"
"Minimum Order Total","Montant de commande minimal"
"Mobile Device Detection","Détéction d'appareils mobiles"
"Mobile Phone","Portable"
"Month","Mois"
"My Datatrans Aliases","Mes Alias Datatrans"
"New Order","Nouvelle commande"
"New Order Status","Nouvel statut de commande"
"New card","Nouvelle carte"
"Next Update Execution Date","Prochaine mise à jour"
"No","Non"
"No Items","Pas d'objet"
"No additional payment information available.","Aucune information de paiement supplémentaire est disponible."
"No address is sent","Ne pas envoyer l'adresse"
"No authorization method found for payment method !method.","Aucun mode d'autorisation trouvé pour le mode de paiement !method."
"No button returned.","Pas de bouton retourné."
"No refund possible.","Remboursement n'est pas possible"
"No shipping method needed.","Aucun mode de livraison nécessaire."
"No, use the dropdown.","Utiliser le menu déroulant"
"Non-U.S. issuing bank does not support AVS.","Banque émettrice non-US ne supporte pas l'AVS."
"Notification URL","URL de notification"
"ORG ID","ORG ID"
"ORG ID used for device fingerprint calls. Is supplied by Byjuno. If this is set but the solvency check is set to anything other than 'during the authorization' this will not be used.","ORG ID utilisé pour les empreintes digitales de l'appareil. C'est fourni par Byjuno."
"One Click Checkout (Alias Manager)","One Click Checkout (Alias Manager)"
"Only an authorized transaction can be marked as finally declined.","Seulement une transaction autorisée peut être marquée comme finalement déclinée."
"Only an uncertain transaction can be marked as finally declined.","Seulement une transaction incertaine peut être marquée comme déclinée."
"Only authorized transaction can be cancelled.","Seulement les transactions autorisées peuvent être annulées."
"Only authorized transaction can be captured.","Seulement les transactions autorisées peuvent être comptabilisées."
"Only authorized transaction can be refunded.","Seulement les transactions autorisées peuvent être remboursées"
"Only captured transaction can be refunded.","Seulement les transaction comptabilisées peuvent être remboursées."
"Only on captured transaction the flag customer refusing to pay can be set.","Il est seulement possible de définir un indicateur pour les clients qui n'ont pas payé sur les transactions capturées."
"Operation Mode","Mode de fonctionnement"
"Order #","Numéro de commande"
"Order Grand Total","Total de l'ordre"
"Order Information","Informations sur la commande"
"Order Prefix","Préfixe pour la commande"
"Order Review","Revue de la commande"
"Order Summary","Résumé de la commande"
"Order Total","Total de la commande"
"Order cancelled, because the customer was too long in the payment process of Datatrans.","la commande a été annulée, parce que le client était trop long dans le processus de paiement de Datatrans"
"Order was placed using %s","Commande a été passée à l'aide de %s"
"Orders","Commandes"
"Orders with with payments that are longer pending than the specified timeout in minutes are cancelled automatically.","Les commandes où les paiements sont suspendu plus longtemps que le timeout spécifié en minutes seront anullées automatiquement."
"Paid Amount","Montant payé"
"Partial refund not possible. You may retry with the total transaction amount.","Remboursement partiel n'est pas possible. Le montant est supérieur au montant total."
"Password","Mot de passe"
"Password and password confirmation are not equal.","Mot de passe et confirmation du mot de passe ne sont pas pareils."
"Pay Button Color","Couleur du bouton 'Payer'"
"Pay with ____paymentMethodName____","Payer avec ____paymentMethodName____"
"Payment","Paiement"
"Payment Error Message: !message","Message d'erreur du payment: !message"
"Payment ID","ID de paiement"
"Payment Id","Payment ID"
"Payment Information","Conditions de vente"
"Payment Method","Mode de paiement"
"Payment Method Code","Code du mode de paiement"
"Payment Method Selection Style","Style de la sélection des modes de paiement"
"Payment captured successfully.","Paiement a réussi à capturer."
"Payment could not be authorized. Cancelling order. Reason : ","Le paiement ne peut être autorisée. Commande annulée. Raison:"
"Payment details can be entered after placing the order","Détails de paiement peuvent être insérés après avoir placé la commande"
"Payment from Applicable Countries","Paiement des pays applicables"
"Payment from Specific Countries","Paiement des pays spécifiques"
"Payment from applicable countries","Paiement des pays applicables"
"Payment from specific countries","Paiement des pays spécifiques"
"Payment is pending at DatatransCw","Payment en attente chez DatatransCw"
"Payment method description","Déscription du mode de paiement"
"Payment with %s","Paiement avec %s"
"Payment with Datatrans","Paiement avec  Datatrans"
"Payments may be updated periodically (interval in minutes). To use this feature you have to setup magento cron","Les paiements peuvent être actualisés automatiquement (interval en minutes) via API (si activé). Pour utiliser ce fonctionnement il faut configurer un cron pour Magento."
"Pending","En attente"
"Pending DatatransCw","DatatransCw En attente"
"Phone","Téléphone"
"Phone number","Numéro de téléphone"
"Phone number must be set.","Vous devez spécifier un numéro de téléphone valide."
"Place Order","Soumettre la commande"
"Please agree to all the terms and conditions before placing the order.","Veuillez accepter les conditions générales avant de passer la commande."
"Please check the entered CVC number.","Veuillez vérifier le numéro CVC entré."
"Please check the entered credit card number.","Veuillez vérifier le numéro de carte de crédit indiqué."
"Please enter here the Bank Identifier Code (BIC).","Veuillez insérer ici le code d'identification de banque (BIC)."
"Please enter here the CVC code from your card. You find the code on the back of the card.","Insérez le code de sécurité de la carte. Vous le trouverez à l’arrière de la carte"
"Please enter here the International Bank Account Number (IBAN).","Veuillez insérer l'IBAN de votre compte banquaire."
"Please enter here the account holder name on the card.","Veuillez insérer ici le nom du titulaire de la carte."
"Please enter here the account holder name.","Veuillez insérer ici le nom du titulaire du compte."
"Please enter here the account number of your bank account.","Veuillez insérer l'IBAN de votre compte banquaire."
"Please enter here the bank code of your bank.","Veuillez insérer le code de votre banque."
"Please enter here the card holder name on the card.","Veuillez insérer le nom du titulaire de la carte"
"Please enter here the commercial number of your company.","Il faut insérer le numéro de commerce de votre entreprise."
"Please enter here the name of the account owner.","Vous devez insérer le titulaire de compte"
"Please enter here the number on your card.","Veuillez insérer le numéro de carte bancaire."
"Please enter here the sales tax number of your company.","Veuillez insérer ici le numéro de taxe de vente de votre entreprise."
"Please enter here your social security number.","Veuillez insérer votre numéro de sécurité sociale."
"Please enter the location of your bank.","Vous devez insérer le lieu de votre banque."
"Please enter the name of your bank.","Veuillez insérer ici le nom de votre banque."
"Please enter your IBAN number.","Veuillez insérer votre numéro IBAN."
"Please enter your issue number, if there is no CVC code on your card.","Veuillez insérer votre numéro, s'il n'y a pas de code CVC de votre carte."
"Please enter your phone number.","Veuillez insérer votre numéro de téléphone."
"Please flash or disable the cache storage and retry. If this did not help, change the authorization method to PaymentPage and <a href=""%s"" target=""_blank"">contact sellxed</a>.","Veuillez vider ou désactiver votre cache et essayer à nouveau. Si cela n'aide pas à résoudre le problème, veuillez changer la méthode d'autorisation à Payment Page et <a href=""%s"" target=""_blank"">contactez le support sellxed</a>."
"Please flash or disable the cache storage and retry. If this did not help, change the authorization method to PaymentPage and <a href=""%s"" target=""_blank"">contact sellxed</a>.', 'http://www.sellxed.com/en/support","Veuillez vider votre cache et essayer à nouveau. Si cela n'aide pas à résoudre le problème, changez la méthode d'autorisation à Payment Page et <a href=""%s"" target=""_blank"">contactez le support sellXed.</a>.', 'http://www.sellxed.com/en/support"
"Please flush or disable the cache storage and retry. If this did not help, change the authorization method to PaymentPage and <a href=""%s"" target=""_blank"">contact sellxed</a>.","Veuillez vider ou désactiver le cache et veuillez essayer à nouveau. Si cela n'aide pas à résoudre le problème, changez la méthode d'autorisation sur PaymentPage et contactez <a href=""%s"" target=""_blank"">sellxed</a>."
"Please log in below:","Merci de vous identifier:"
"Please select","Sélectionner s'il vous plaît"
"Please select a shipping method before sending the order.","Sélectionnez un mode de livraison avant d'envoyer la commande."
"Please select the Bank Identifier Code (BIC) of your bank.","Veuillez sélectionner le code d'identification de votre banque. (BIC)"
"Please select the brand of your card.","Veuillez sélectionner la marque de votre carte."
"Please select the day of your birth.","Veuillez sélectionner le jour de votre naissance."
"Please select the expiry month on your card.","Sélectionnez le mois de l'expiration de votre carte"
"Please select the expiry year on your card.","Veuillez insérer la date d'expiration de la carte."
"Please select the month of your birth.","Veuillez sélectionner le mois de votre date de naissance."
"Please select the processor for this payment method.","Veuillez sélectionner le processeur pour ce mode de paiement."
"Please select the the year of your birth.","Veuillez  sélectionner l'année de votre date de naissance."
"Please select your gender.","Veuillez sélectionner votre sexe"
"Please wait, processing your order...","Veuillez patienter, le traitement de votre commande..."
"Postal code matches, but street address not verified.","Code postale correspond. Rue de l'adresse n'a pas été vérifiée."
"Powerpay","Powerpay"
"Price","Prix"
"Processor","Processeur"
"Product","Produit"
"Product Name","Nom du produit"
"Purchase Point","Lieu d'achat"
"Qty","Quantité"
"Recurring","Récurrent"
"Recurring Payments","Paiements récurrents"
"Redirect / Lightbox Styling","Styling Redirect / Lightbox"
"Refund Amount","Montant du remboursement"
"Refund ID","ID de remboursement"
"Refund amount","Montant du remboursement"
"Refund information","Information de remboursement"
"Refund status","Statut de remboursement"
"Refunded Amount","Montant du remboursement"
"Refunds","Remboursements"
"Register","Inscrivez-vous"
"Register to Create an Account","S'inscrire pour créer un compte"
"Register with us for future convenience:","Inscrivez-vous chez nous pour plus de commodité dans l'avenir:"
"Release Date","Date de sortie"
"Reset","Réinitialiser"
"Review","Review"
"Rounding Adjustment","Ajustements d'arrondi"
"Rounding adjustment.","Ajustements d'arrondi"
"Row Total","Total de la ligne"
"SEPA Mandate ID","SEPA Mandate ID"
"SKU:","SKU:"
"Sales","Ventes"
"Sales Tax Number","Numéro de taxe de vente"
"Save","Sauvegarder"
"Saved cards:","Cartes enregistrées:"
"Security Level","Niveau de sécurité"
"See order and shipping status","Voir le statut de la commande et le statut de livraison"
"Select Brand","Sélectionnez le type de la carte"
"Select Card Type","Sélectionnez le type de la carte"
"Select Method","Sélectionner la méthode"
"Select the authorization method to use for processing this payment method.","Sélectionnez un mode d'autorisation pour le traitement de ce mode de paiement."
"Select the date of your birth.","Veuillez sélectionner votre date de naissance."
"Select the date on which your card expires.","Séléctionnez la date d'expiration de la carte."
"Select the security level you want to use. This value must correspond with the selected value in the back-end of Datatrans. Note: In case you use the mail and phone order (MoTo) or the recurring feature you have to set the security level in both account identically.","Sélectionnez le niveau de sécurité que vous souhaitez utiliser. Cette valeur doit correspondre à celle du backend de Datatrans. Si vous utilisez Commande par téléphone ou e-mail (MoTo) ou les paiements récurrents, vous devez définir le niveau de sécurité identique dans les deux comptes."
"Sellxed On Hold","Sellxed En attente"
"Send Invoice Email","Envoyer un e-mail avec la facture"
"Send amounts to Datatrans in base currency.","Envoyer des montants à  Datatrans dans la devise de base."
"Send amounts to Datatrans in store's base currency.","Envoyer les montants à Datatrans dans la devise de base de la boutique."
"Send invoice email","Envoyer la facture"
"Send the invoice email automatically after invoice creation.","Envoyer l'email de facture automatiquement après la création de la facture."
"Set direct capture after order. In this case your authoization will directly be captured on your customer's credit card","Si vous séléctionnez 'Comptabilisation dirècte' le montant sera tout de suite débité de la carte du client. Si vous séléctionnez 'Comptabilisation retardée' le montant sera débité avec un certain temps défini par vous."
"Set the sign1, sign2 and the settlement parameter in the module exactly the same way as in the security configuration at Datatrans.","Définissez le sign1, sign2 et le paramètre de settlement dans le module exactement de la même façon que dans la configuration de la sécurité chez Datatrans."
"Set the sort order to show the external checkouts.","Définir l'ordre de montrer les checkouts externes."
"Settlement after order","Génération après la commande"
"Setup","Setup"
"Shipping & Handling","Livraison"
"Shipping Address","Adresse de livraison"
"Shipping Address: The shipping address must be the same as during the initial transaction.","Adresse de livraison: L'adresse de livraison doit être la même que l'adresse lors de la transaction initiale."
"Shipping Amount","Montant des frais de livraison"
"Shipping Information","Informations sur la livraison"
"Shipping Method","Mode de livraison"
"Shipping Methods","Modes de livraison"
"Shipping Refund","Remboursement des frais de livraison"
"Shipping and billing addresses do not match.","Les adresses d'expédition et de facturation ne correspondent pas."
"Shop","Shop"
"Shop ID","Shop ID"
"Short Installation Instructions:","Instructions d'installation:"
"Should the amount be captured automatically after the order (direct) or should the amount only be reserved (deferred)?","Est-ce que le montant doit être comptabilisé automatiquement après la commande (direct) ou est-ce que le montant doit seulement être réservé (différé)?"
"Should the customer address be sent to Datatrans?","Est-ce que vous voulez que l'adresse du client est envoyé à Datatrans?"
"Show","Voir"
"Show Account Selection","Voir la sélection de compte"
"Show Further Settings and Information","Afficher plus de paramètres et d'informations"
"Show Image","Afficher Image"
"Show Payment Id","Afficher Payment ID"
"Show the payment id","Présenter l'ID de paiement"
"Show the payment id in the order information","Afficher l'ID de paiement dans le bon de commande"
"Show the payment image","Montrer l'image de paiement"
"Show the payment image on the checkout page","Montrer l'image de paiement sur la page de paiement"
"Sign 2 of Live Account","Signe 2 du compte live"
"Sign 2 of Live MoTo Account","Signe 2 du compte live MoTo"
"Sign 2 of Live Recurring Account","Sign2 du compte récurrent live"
"Sign 2 of Test Account","Signe 2 du compte test"
"Sign 2 of Test MoTo Account","Signe 2 du compte test MoTo"
"Sign 2 of Test Recurring Account","Sign2 du compte récurrent test"
"Sign In","Connexion"
"Sign Settlement Requests","Signature à appliquer aux décomptes"
"Sign of Live Account","Signe du compte live"
"Sign of Live MoTo Account","Signe du compte live MoTo"
"Sign of Live Recurring Account","Signe du compte récurrent live"
"Sign of Test Account","Signe du compte test"
"Sign of Test MoTo Account","Signe du compte test MoTo"
"Sign of Test Recurring Account","Signe du compte récurrent test"
"Social Security Number","Numéro de sécurité sociale"
"Solvency Check","Vérification de solvabilité"
"Sort Order","Ordre De Tri"
"State must be set on address.","State must be set on address."
"Status","Statut"
"Store the payment details","Enregistrer les détails de paiement"
"Stored payment details","Détails de paiement enregistrées"
"Street address and 5-digit postal code match.","Rue et code postale à 5 chiffres correspondent."
"Street address and 9-digit postal code match.","La rue de l'adresse et le code postale à 9 chiffres correspondent."
"Street address and postal code do not match.","La rue de l'adresse correspond, mais le code postale à 5 chiffres et 9 chiffres ne correspondent pas."
"Street address and postal code match.","Rue de l'adresse et code postale correspondent"
"Street address does not match, but 5-digit postal code matches.","Rue de l'adresse ne correspond pas. Un code postale à 5 chiffres correspond."
"Street address does not match, but 9-digit postal code matches.","Rue de l'adresse ne correspond pas. Un code postale à 9 chiffres correspond."
"Street address matches, but 5-digit and 9-digit postal code do not match.","La rue de l'adresse correspond, mais le code postale à 5 chiffres et 9 chiffres ne correspondent pas."
"Street address matches, but postal code not verified.","La rue de l'adresse correspond, mais le code postale n'a pas été vérifié."
"Styling Options","Options de design"
"Submit Order","Confirmer la commande"
"Submitting order information...","Soumission des données de la commande..."
"Subtotal","Sous-total"
"Success","Succès"
"Successful","Succès"
"Successful online refund of amount","Remboursement en ligne réussie de montant"
"Successful payment authorization.","Paiement autorisé"
"Successfull online refund of amount","Remboursement en ligne réussie de montant"
"Support","Support"
"Swissbilling","Swissbilling"
"System unavailable.","Le système n'est pas disponible"
"Tax Amount","Montant de l'impôt"
"Technical issue: This payment methods is not available at the moment.","Problème technique: Cette méthode de paiement n'est pas disponible en ce moment."
"Test Environment","Environnement de test"
"Test Mode","Mode test"
"Test Transaction","Transaction de test"
"The HMAC key as defined in the live backoffice of Datatrans. You may need generate the HMAC key. Please take a look at the manual how to do this.","La clé HMAC tel que défini dans le backoffice de production de Datatrans. Vous devrez peut-être générer la clé HMAC. Veuillez jeter un coup d'oeil sur le manuel pour savoir comment faire cela."
"The SEPA mandate schema does not contain the tag '!tag'. This tag is required.","Le schéma de mandat SEPA ne contient pas le mot-clé '!tag'. Ce mot-clé est obligatoire."
"The alias could not be found.","L'alias na pas été trouvé."
"The alias has been deleted.","L'alias a été supprimé."
"The alias transaction could not be conductet with error code: !code, and reason: !reason:","La transaction alias n'a pas pu être réalisée. Code d'erreur: !code et raison: !reason"
"The amount could not be verified.","Le montant n'a pas pu être vérifié."
"The amount of !amount is authorized.","Le montant de !amount est autorisé."
"The amount of !amount is captured.","Le montant de !amount est capturé."
"The amount of the transaction (!transactionAmount) and the amount of in the callback (!callbackAmount) do not correspond.","Le montant de la transaction (!transactionAmount) et le montant du callback (!callbackAmount) ne correspondent pas."
"The authorization method '!method' is not supported.","Le mode d'autorisation '!method' n'est pas accepté."
"The authorization number returned by credit card issuing bank.","Le numéro d'autorisation, qui a été renvoyé par l'émetteur de la carte."
"The authorization status indicates the status of the transaction. The status may differ from the effective status, because this field is set direclty after the authorization and it may not be updated.","Le statut de l'autorisation indique le statut de la transaction. Ce statut peut être différent du statut actuel, car il est inséré directement après l'autorisation et ne peut pas être actualisé."
"The authorization was not successful","Erreur d'autorisation. Autorisation sans succès."
"The bank account number field cannot be empty.","Le champ du numéro de compte bancaire ne peut pas être vide."
"The bank code field cannot be empty.","Le champ du code de banque ne peut pas être vide."
"The brand of the credit card is detected by the card number if hidden authorization is used. If the payment page is used, the user has to select the brand. The allowed credit card brands can be restricted by this setting.","Le type de la carte de crédit est détecté par le numéro de la carte si une autorisation cachée est utilisé. Si la page de paiement est utilisé, l'utilisateur doit sélectionner la marque. Les marques de cartes de crédit autorisés peuvent être limitées par ce paramètre."
"The brand with external name '!key' was not present in the map.","La marque avec le nom externe '!key' n'était pas présent dans la carte."
"The brand with key '!key' was not found in the card information map.","La marque '!key' n'a pas été trouvée dans les marques disponibles."
"The cancellation could not be conducted. Error code: !error.","L'annulation n'a pas pu être réalisée. Code d'erreur: !error."
"The capture amount (!captureAmount) cannot be greater than the authorized amount (!authorizedAmount).","Le montant de comptabilisation (!captureAmount) ne peut pas être supérieur au montant autorisé (!authorizedAmount)."
"The capture item with SKU '@sku' has a higher amount (@amountItem) as the original item (@amountOriginal).","L'élément de capture avec SKU '@sku' a un montant plus élevé (@amountItem) comme l'élément d'origine (@amountOriginal)."
"The capture item with SKU '@sku' is not present in the original order.","L'élément de capture avec SKU '@sku' n'est pas présent dans la commande original."
"The capturing could not be conducted. Error code: !error.","La capture n'a pas pu être réalisée. Code d'erreur: !error."
"The card brand selection is automatically done depending on the entered card number. If no Javascript is active in the browser, a drop down is shown. In case JavaScript a the brand logos can be shown. Should the brand selection using images?","La sélection de la marque de la carte se fait automatiquement à partir du numéro de carte inséré. Si Javascript n'est pas actif dans le navigateur, un menu déroulant apparaît. Si JavaScript est activé, les logos de marques peuvent être affichées. Afficher les logos au lieu du menu déroulant?"
"The checkout process was not successful. Please try again.","Le processus de la commande n'a pas réussi. Veuillez réessayer."
"The color of the text in the header bar if no logo is given. Possible Values: &quot;white&quot; or &quot;black&quot;","La couleur du texte dans l'en-tête si aucun logo est donnée. Valeurs possibles: &quot;white&quot; or &quot;black&quot;"
"The color of your brand. The colors can be specified by their hexadecimal code (#FFFFFF) or empty for default value.","La couleur de votre Brand. Les couleurs peuvent être indiqués par leur code hexadécimal (#FFFFFF) ou vide pour choisir la valeur par défaut."
"The configuration has been saved.","La configuration a été enregistrée."
"The controller class '@controller' does not provide any method with annotation 'Customweb_Payment_Endpoint_Annotation_ExtractionMethod' and valid output.","Le contrôleur '@controller' ne fournit pas de méthode avec l'annotation 'Customweb_Payment_Endpoint_Annotation_ExtractionMethod' et de données valides."
"The credit limit is exceeded. Please use a different payment method.","Dépassement de la limite de crédit. Veuillez utiliser un autre moyen de paiement."
"The currency of the transaction (!transactionCurrency) and the currency of in the callback (!callbackCurrency) do not correspond.","La devise de la transaction (!transactionCurrency) et la devise du callback (!callbackCurrency) ne correspondent pas."
"The customer country code (ISO code) as returned by the issuer for this card.","Le code de pays du client (code ISO), renvoyé par l'émetteur de cette carte."
"The customer does not finish the payment with in the timeout.","Le client n'a pas fini le paiement dans le délai imparti."
"The date of birth is required.","La date de naissance doit être indiquée."
"The expected format is '!format' where the 'MM' means the month number and 'YY' the year number.","Le format doit être '!format' où le 'MM' veut indiquer le numéro du mois et 'AA' le numéro de l'année."
"The gender is required.","Le sexe doit être spécifié."
"The given CVC code has the wrong length.","Le code CVC inséré a une longeur incorecte."
"The given card number has an invalid check sum.","Le numéro de carte donné a une somme de contrôle invalide."
"The given card number has an invalid length.","Le numéro de carte inséré a une longueur invalide."
"The given hmac key is empty.","La clé HMAC donnée est vide."
"The given identifier is empty.","L'identificateur donné est vide."
"The given password is empty.","Le mot de passe donné est vide."
"The given rang is empty. It must be a nummeric value with length of two.","Le champ 'rang' donné est vide. Il doit être une valeur nummerique avec une longueur de deux."
"The given rang is invalid. It must be a nummeric value with length of two.","Le champ 'rang' n'est pas valide. Il doit être une valeur numérique avec une longueur de deux."
"The given site number is empty.","Le nombre de site donné est vide."
"The header logo's display style. Possible values: &quot;circle&quot; , &quot;rectangle&quot; or &quot;none&quot;","Style du logo de l'en-tête. Valeurs possibles: &quot;circle&quot; , &quot;rectangle&quot; ou &quot;none&quot;"
"The identifier as defined in the backoffice of Datatrans.","L'identifiant tel que défini dans le backoffice de Datatrans."
"The invoice could not be captured and processed by","La facture n'a pas pu être comptabilisée et traitée par Datatrans."
"The invoice could not be captured and processed. Reason:","La facture n'a pas pu être capturée et traitée. Raison:"
"The invoice could not be found.","La facture n'a pas été trouvée."
"The invoice has been changed.","La facture a été changé."
"The invoice no longer exists.","La facture n'existe plus."
"The layout does not contain the tag '!layout_tag'.","Le layout ne contient pas le mot-clé '!layout_tag'."
"The merchant id given by Datatrans for mail and phone orders (MoTo) and for recurring payments. This merchant id is used for the live environment.","L'ID de marchand de Datatrans. Cet ID est nécessaire pour l'environnement de test."
"The merchant id given by Datatrans for mail and phone orders (MoTo) payments. This merchant id is used for the live environment.","L'ID de marchand donné par Datatrans  pour les paiements par e-mail ou téléphone (MoTo). Cet ID de marchand est utilisé pour l'environnement de production."
"The merchant id given by Datatrans for recurring payments. This merchant id is used for the live environment.","L'ID de marchand donné par Datatrans  pour les paiements récurrents. Cet ID de marchand est utilisé pour l'environnement de production."
"The merchant id given by Datatrans. This merchant id is used for the live environment.","L'ID de marchand donnée par Datatrans. Cet ID est utilisé pour l'environnement de production."
"The next update execution date indicates when the next cron is run to update the transaction state.","La prochaine date d'exécution de mise à jour indique lorsque le cron suivant sera exécuté pour mettre à jour l'état de la transaction."
"The one click checkout allows the customer to select from a credit card previously stored. The credit card data is stored by Datatrans. To use this feature you need the option 'Alias'.","Le one click checkout permet au client de sélectionner à partir d'une carte de crédit précédemment stockée. Les données de la carte de crédit est stocké par Datatrans. Pour utiliser cette fonctionnalité, vous avez besoin de l'option 'Alias'."
"The order is not fully completed. Please contact the store owner.","Le paiement ne peut être effectué."
"The payment form will be displayed after submitting the order.","La forme de paiement sera affichée après avoir confirmé la commande."
"The payment has been accepted.","Le paiement a été accepté"
"The payment has been denied.","Le paiement a été refusé."
"The payment method !paymentMethod does not support recurring payment.","La méthode de paiement ne prend pas en charge le paiement récurrent."
"The payment method !paymentMethodName does not support the currency '!currency'.","La méthode de paiement !paymentMethodName ne supporte pas la devise '!currency'."
"The payment method !paymentMethodName is not available in your country ('!country').","La méthode de paiement !paymentMethodName n'est pas disponible dans votre pays ('!country')."
"The payment provider declined the transaction (Error Code 10). Household can not be identified at the given address.","Le fournisseur de paiement a rejeté la transaction (code d'erreur 10). Le ménage n'est pas connu à l'adresse indiquée."
"The payment provider declined the transaction (Error Code 4). Your address is postally incorrect. Please check again if your address was entered correctly.","Le fournisseur de paiement a refusé la transaction (code d'erreur 4). L'adresse est incorrecte. Veuillez vérifier l'adresse et réessayer si nécessaire."
"The payment provider declined the transaction. For more information visit <a href='https://byjuno.ch/#dataprotection' target='_blank'>https://byjuno.ch/#dataprotection.</a>","Le fournisseur de paiement a rejeté la transaction. Pour plus d'informations, rendez-vous sur <a href='https://byjuno.ch/#dataprotection' target='_blank'>https://byjuno.ch/#dataprotection.</a>"
"The payment update has been made.","La mise à jour de paiement a été effectué."
"The provided signature does not match with the one calculated.","La signature fournie ne correspond pas à celle calculée."
"The rang (PBX_RANG) as defined in the live backoffice of Datatrans. It must be nummeric value with length two. In the backoffice it may be displayed as a three char value. You must truncate the first digit.","Le champ 'rang' (PBX_RANG) tel que défini dans le backoffice de production de Datatrans. Il doit être nummeric avec deux caractères de long. Dans le backoffice il peut être affiché comme trois caractères. Vous devez tronquer le premier chiffre."
"The refund item with SKU '@sku' has a higher amount (@amountItem) as the original item (@amountOriginal).","L'article de remboursement avec SKU '@sku' a un montant plus élevé (@amountItem) comme l'article d'origine (@amountOriginal)."
"The refund item with SKU '@sku' is not present in the original order.","L'article de remboursement avec SKU '@sku' n'est pas présent dans la commande originale."
"The refunding could not be conducted. Error code: !error.","Le remboursement n'a pas pu être réalisé. Code d'erreur: !error."
"The shopping cart has been altered!","Le panier a été changé!"
"The sign2 calculated and the sign2 in the callback do not correspond.","Le sign2 calculé et le sign2 dans la réponse ne correspondent pas."
"The signature could not be verified.","La signature ne peut pas être vérifiée."
"The site id (PBX_RANG) as defined in the backoffice of Datatrans.","L'identifiant du site (PBX_RANG) tel que défini dans le backoffice de Datatrans."
"The solvency check can be done at different stages in the checkout process. This setting controls when the check is done.","La vérification de la solvabilité peut être effectuée à différentes étapes pendant la procédure de paiement. Ce paramètre détermine si la vérification est effectuée."
"The test merchant id given by Datatrans for mail and phone orders (MoTo) and for recurring payments. This merchant id is used for the test environment.","L'ID de marchand de Datatrans pour commandes par e-mail et téléphone (MoTo). Cet ID est nécessaire pour l'environnement test."
"The test merchant id given by Datatrans for recurring payments. This merchant id is used for the test environment.","L'identifiant de marchand de test fourni par Datatrans pour les paiements récurrents. Cet identifiant est utilisé pour l'environnement de test."
"The test merchant id given by Datatrans. This merchant id is used for the test environment.","L'ID de marchand de Datatrans. Cette ID est nécessaire pour l'environnement de test."
"The total amount could not be correctly calculated. Please contact the shop owner.","La somme totale n'a pa pu être calculé correctement. Veuillez contacter le propriétaire du magasin."
"The total refund amount (!totalRefundedAmount) cannot be greater than the captured amount (!capturedAmount).","Le montant total du remboursement (!totalRefundedAmount) ne peut pas être supérieur à la quantité capturée (!capturedAmount)."
"The transaction cannot be cancelled online.","La transaction ne peut être annulée en ligne."
"The transaction cannot be captured online.","La transaction ne peut être capturée en ligne"
"The transaction cannot be refunded online.","La transaction ne peut être remboursé en ligne."
"The transaction failed with an unkown error.","La transaction a échouée avec une erreur inconnue."
"The transaction failed with error code !code.","L'opération a échoué avec le code d'erreur: !code."
"The transaction is only executed in the test system. The goods should not be delivered.","La transaction a est exécutée uniquement dans le système de test. Les produits ne doivent pas être livrés."
"The transaction was declined.","La transaction a été refusée."
"The uncertain transaction was accepted.","La transaction non garantie a été acceptée."
"The uncertain transaction was finally declined.","La transaction non garantie a finalement été rejetée."
"The validation failed with the message: !message (!detail).","La validation a échoué avec le message: !message (!detail)."
"The whole transaction is cancelled.","Toute la transaction a été annulée."
"There has been a problem during the processing of your payment.","Il y a eu un problème lors du traitement de votre paiement."
"There has been a problem during the processing of your payment. Please contact the shop owner to make sure your order was placed successfully.","Il ya eu un problème lors du traitement de votre paiement. Veuillez contacter le propriétaire de la boutique pour vous assurer que votre commande a été placée avec succès."
"There is a problem with your license. Please contact us (www.sellxed.com/support). Reason: %1","Il y a un problème avec votre licence. S'il vous plaît nous (www.sellxed.com/support) contacter. Raison: %1"
"There is a problem with your license. Please contact us (www.sellxed.com/support). Reason: %s","Il y a un problème avec votre licence. S'il vous plaît contactez-nous (www.sellxed.com/support). Raison: %s"
"There is already a customer registered using this email address. Please login using this email address or enter a different email address to register your account.","Il y a déjà un client enregistré avec cette adresse e-mail. Connectez-vous à l'aide de cette adresse ou insérez une adresse e-mail différente pour l'enregistrer votre compte."
"There seems to be a problem with the Datatrans module.","Il semble avoir un problème avec le module de Datatrans."
"There was an error validating the login and password.","ll y eu une erreur pendant la validation du login et du mot de passe."
"This URL has to be placed in the backend of Datatrans under UPP Administration > URL Post.","Cette URL doit être placée dans le backend de Datatrans sous UPP Administration > URL Post."
"This account is not confirmed. <a href=""%s"">Click here</a> to resend confirmation email.","Ce compte n'est pas confirmé. <a href=""%s"">Cliquez ici</a> pour renvoyer l'email de confirmation."
"This information must be printed on an invoice slip, and delivered to the customer with the goods.","This information must be printed on an invoice slip, and delivered to the customer with the goods."
"This is a brief instruction of the main and most important installation steps, which need to be performed when installing the Datatrans module. For detailed instructions regarding additional and optional settings, please refer to the enclosed instructions in the zip.","Ceci est une brève instruction des étapes de l'installation, qui doivent être effectuées lors de l'installation du module Datatrans. Pour obtenir des instructions détaillées concernant les paramètres supplémentaires et optionnels, veuillez vous référer aux instructions dans le zip du module."
"This password is used for recurring payments and for the alias manager as well as for the server authorization. This is the password of the Datatrans account.","Ce mot de passe est utilisé pour les paiements récurrents et pour la gestion des alias, ainsi que pour l'autorisation du serveur. C'est le mot de passe du compte Datatrans."
"This payment method is currently unavailable.","Ce méthode de paiement est actuellement indisponible."
"This setting can be used to activate resp. deactivate the 3D secure check. Please check with PayBox if you are allowed to deactivate the 3D secure check. This setting has only an effect when you use the payment page.","Ce setting peut être utilisé pour activer ou désactiver le contrôle 3D Secure. Veuillez vérifier avec PayBox si vous êtes autorisé à désactiver le contrôle 3D Secure. Ce paramètre aura seulement un effet que si vous utilisez la page de paiement."
"This setting controls the height of the integrated iFrame. It is recommended to set this value to at least 400.","Ce paramètre détermine l'hauteur de l'iFrame intégré. Il est recommandé de définir cette valeur au moins 400."
"This setting controls the user identification for alias manager (one-click checkout) transactions. In case the shipping address is checked and the addresses do not match the CVC the user is forced to reenter all the credit card details.","Ce paramètre contrôle l'identification de l'utilisateur pour la gestion des transactions avec alias (one-click checkout). Dans le cas si l'adresse de livraison est cochée et les adresses ne correspondent pas au CVC, l'utilisateur est obligé d'insérer tous les détails de sa carte à nouveau."
"This status is set, when the payment was successfull and it is authorized.","Cet état est défini, lorsque le paiement a été un succès et il est autorisé."
"This transaction is already closed for further captures.","Cette transaction a déjà été fermée pour plus de comptabilisations."
"This transaction is already closed for further refunds.","Cette transaction a déjà été fermée pour d'autres remboursements."
"This transaction no longer exists.","Cette transaction n'existe plus."
"Timeout for pending payments (min)","Timout pour les paiements en attente (min.)"
"Titel","Titre"
"Title","Titre"
"Title of the payment method","Nom de la méthode de paiement"
"Total","Total"
"Total Shipping Charges","Total des frais d'expédition"
"Track order history","Suivi de la commande"
"Transaction","Transaction"
"Transaction Authorized","Transaction autorisée"
"Transaction Cancelled","Transaction annulée"
"Transaction Captured","Transaction comptabilisée"
"Transaction History","Relevé des opérations"
"Transaction ID Prefix","Transaction ID Prefix"
"Transaction Id","Transaction ID"
"Transaction Paid","Transacion payée"
"Transaction Uncertain","La transaction est incertaine"
"Transaction Updates","Mises à jour pour les transactions"
"Transaction cancelled successfully","La transaction a été annulée"
"Transaction captured successfully","Transaction capturé avec succès"
"Transaction history","Historique de transactions"
"Transaction timed out, because customer never completed the checkout","Transaction expirée, car le client n'a jamais terminé le checkout"
"Transaction was authorized over the deferred authorization mechanism.","L'opération a été autorisée avec le mécanisme d'autorisation différé."
"Transactions","Transactions"
"URLs","URLs"
"Unable to save the invoice.","Impossible d'enregistrer la facture."
"Uncertain Status","Statut incertain"
"Uncertain transactions","Transactions incertaines"
"Unknown address check result","Résultat de la vérification d'adresse inconnue"
"Unless you select this checkbox, the payment will be captured at the PSP and you can not add additional captures.","Si vous ne cochez pas cette case, le paiement sera capturé au PSP et vous ne pourrez pas ajouter de captures supplémentaires."
"Update","Mettre à jour"
"Update Qty's","Ajuster la quantité"
"Update interval for payments","Interval de l'actualisation pour paiements via API"
"Use Base Currency","Utiliser devise de base"
"Use Default","Utilisez les paramètres standard"
"Use base currency","Utiliser la devise de base"
"User Identification","Identification de l'utilisateur"
"VISA","VISA"
"Validation","Valider"
"Version","Version"
"View","Afficher"
"Wait On Success Page","Attendre sur la page de la réussite"
"We cannot get the transaction instance.","Nous ne pouvons pas établir une transaction."
"We experienced a problem with your sellxed payment extension. For more information, please visit the configuration page of the plugin.","Il y a un problème avec votre module de paiement sellxed. Pour plus d'informations, veuillez visiter la page d'informations du plugin."
"When the store is not available (network outage, server failure or any other outage), when the feedback of Datatrans is sent, then the transaction state is not updated. Hence no order confirmation e-mail is sent and the order is not in the paid state. By activating the transaction update, such transactions can be authorized later over direct link. To use this feature the update service must be activated and the API username and the API password must be set.","Lorsque la boutique n'est pas disponible (panne de réseau, une panne de serveur ou de toute autre panne), après le retour de Datatrans envoyé,  le statut de la transaction ne sera pas mis à jour. Par conséquent, aucune confirmation de commande sera envoyé par e-mail et la commande n'aura pas le statut payé. En activant la mise à jour de la transaction, ces opérations peuvent être autorisées plus tard sur la liaison directe. Pour utiliser cette fonction, le service de mise à jour doit être activé et le nom d'utilisateur de l'API et le mot de passe de l'API doit être aussi configuré."
"When the store is not available (network outage, server failure or any other outage), when the feedback of Datatrans is sent, then the transaction state is not updated. Hence no order confirmation e-mail is sent and the order is not in the paid state. By activating the transaction update, such transactions can be authorized.","Lorsque la boutique n'est pas disponible (panne de réseau, panne de serveur ou de toute autre panne), après que la réponse de Datatrans est envoyé, le statut de la transaction n'est pas mise à jour. Par conséquent, aucune confirmation de commande par e-mail est envoyé et la commande n'aura pas le statut payé. En activant la mise à jour de la transaction, ces opérations peuvent être autorisées."
"When using an external checkout, the customer can either be asked to chose an option to authenticate (as guest, register or login) or he can always be checked out as guest. For the second option to work, guest checkout has to be enabled in magento.","Lorsque vous utilisez une commande externe, le client peut soit sélectionner une option d'authentification (en tant qu'invité, inscription ou login) ou il peut toujours être vérifié en tant qu'invité. Pour la deuxième option, guest checkout doit être activé chez Magento."
"Wheter the payment page shows the payment method selection as list (default) or as a grid. Possible values: &quot;list&quot; or &quot;grid&quot;","Détermine si les méthodes de paiement disponibles seront montrées dans une liste (par défaut) ou affichées comme une grille. Valeurs possibles: &quot;list&quot; or &quot;grid&quot;"
"Which account should be used for transactions done with the alias manager?","Quel compte doit être utilisé pour les transactions effectuées avec le gestionnaire d'alias?"
"Year","Année"
"Yes","Oui"
"Yes, sign also settlement requests.","Oui, la signature est aussi a appliquer aux décomptes"
"Yes, switch automatically to mobile view","Oui, changer automatiquement au mobile view"
"Yes, use images for the brand selection.","Oui, utiliser des images pour la sélection du type."
"You can allow the customers to manage/delete their aliases in the their account.","Vous pouvez permettre aux clients de gérer / supprimer leurs alias dans leur compte."
"You can decide on the order status new orders should have after they are processed successfully.","Spécifiez le statut de la commande pour les nouvelles commandes qui ont été traitées avec succès."
"You can decide on the order status new orders should have that have an uncertain authorization status.","Spécifiez le statut de la commande pour les nouvelles commandes avec un statut d'autorisation incertain."
"You can sign also the settlement requests to increase the security. This value must correspond with the setting in the backoffice of Datatrans. Note: In case you use the mail and phone order (MoTo) or the recurring feature you have to set this option in both account identically.","Vous pouvez également signer les demandes de règlement pour accroître la sécurité. Cette valeur doit correspondre avec le réglage dans le backoffice de Datatrans. Remarque: Dans le cas où vous utilisez les commandes par e-mail et par téléphone (MoTo) ou les transactions récurrentes vous devez définir cette option dans tous les comptes identique."
"You can specify the order status for new orders that have an uncertain authorisation status.","Vous pouvez spécifier le statut de la commande pour les nouvelles commandes qui ont un statut d'autorisation incertain."
"You can specify the order status for orders that are captured either directly after the order or manually in the backend.","Vous pouvez spécifier le statut de la commande pour les commandes qui sont capturés soit directement après la commande ou manuellement depuis le backend."
"You can specify the order status when an order is cancelled.","Vous pouvez spécifier le statut de la commande quand une commande est annulée."
"You can switch between the different environments, by selecting the corresponding operation mode. The test environment can be found at https://pilot.datatrans.biz/.","Vous pouvez changer entre le mode live et test, en sélectionnant le mode de fonctionnement correspondant. L'environment test peut être trouvé sous https://pilot.datatrans.biz/."
"You created the order.","Vous avez créé la commande."
"You have no stored aliases.","Vous n'avez pas d'alias."
"You have set the security level in the shop to level 2. But the callback does not contain the sign2. Have you activated the security level 2 in the back office of Datatrans?","Vous avez défini le niveau de sécurité dans la boutique au niveau 2. Mais le callback ne contient pas le sign2. Avez-vous activé le niveau de sécurité 2 dans le back-office de Datatrans?"
"You have to enter a card number.","Vous devez insérer le numéro de carte."
"You have to enter bank code of your bank.","Il faut insérer le code banquaire de votre banque."
"You have to enter commercial number of you company.","Il faut insérer le numéro de commerce de votre entreprise."
"You have to enter either the CVC code or the issue number of your card.","Vous devez insérer le code CVC ou le numéro de série de votre carte."
"You have to enter sales tax number of you company.","Vous devez insérer le numéro de la taxe de vente de votre entreprise."
"You have to enter sales tax number of your company.","Vous devez insérer le numéro de la taxe de vente de votre entreprise."
"You have to enter the BIC.","Vous devez saisir le code BIC."
"You have to enter the CVC code from your card.","Vous devez insérer le code CVC de votre carte."
"You have to enter the IBAN.","Il faut insérer l'IBAN du compte banquaire"
"You have to enter the account holder name on the card.","Vous devez insérer le nom du titulaire de la carte."
"You have to enter the account holder name.","Veuillez insérer ici le nom du titulaire de la carte."
"You have to enter the card holder name on the card.","Vous devez insérer le titulaire de la carte."
"You have to enter the location of your bank.","Vous devez insérer le lieu de votre banque."
"You have to enter the name of the account owner.","Vous devez insérer le titulaire de compte"
"You have to enter the name of your bank.","Vous devez insérer le nom de votre banque."
"You have to enter your IBAN Number.","Il faut insérer l'IBAN du compte banquaire"
"You have to enter your bank account number.","Veuillez insérer l'IBAN de votre compte banquaire."
"You have to enter your social security number.","Veuillez insérer votre numéro de sécurité sociale."
"You have to submit a CSS file to Datatrans where the CSS class selector has to match with this value.","Vous devez soumettre un fichier CSS à Datatrans où le sélecteur de classe CSS doit correspondre à cette valeur."
"You may choose one of the cards you paid before on this site.","Vous pouvez choisir parmi les cartes utilisées précédemment:"
"You may choose one of your stored payment details.","Sélectionnez l'une des informations de paiement enregistrées pour le paiement"
"You will be redirect to the order confirmation page.","Vous allez être redirigé vers la page de confirmation de commande."
"Your browser does not allow the execution of JavaScript. Please activate JavaScript in your browser and reload this page.","Votre navigateur ne permet pas l'exécution de JavaScript. Veuillez activer JavaScript dans votre navigateur et recharger cette page."
"Your checkout session expired.","Your checkout session expired."
"DatatransCw Aliases","DatatransCw Alias"
"____paymentMethodName____","____paymentMethodName____"
"Datatrans","Datatrans"
"Datatrans Aliases","Alias Datatrans"
"Datatrans Error","Erreur de Datatrans"
"Datatrans Live Merchant ID","Datatrans Live Merchant ID"
"Datatrans Live MoTo Merchant ID","Datatrans Live MoTo Merchant ID"
"Datatrans Live Recurring Merchant ID","Datatrans ID marchand récurrent productif"
"Datatrans Parameters","Datatrans Paramètres"
"Datatrans Refund Items","Datatrans _ remboursement articles"
"Datatrans Section","Section Datatrans"
"Datatrans Test Merchant ID","Datatrans Test Merchant ID"
"Datatrans Test MoTo Merchant ID","Datatrans Test MoTo Merchant ID"
"Datatrans Test Recurring Merchant ID","Datatrans test récurrent Merchant ID"
"Datatrans Transactions","Transactions de Datatrans"
"Datatrans can show a mobile device optimized payment page. Should the optimized payment page shown, in case the user has a tablet or a mobile device?","Datatrans peut afficher une page de paiement mobile optimisé. Voulez-vous que la page optimisée soit affichée si l'utilisateur travaille avec un appareil mobile?"
"Datatrans: Alias Management","Datatrans: Gestion des Alias"
"customweb ltd","customweb ltd"
"myOne","myOne"
"no","no"
"or","ou"
"yes","Oui"
