"* Required Fields","* campo obbligatorio"
"-- No Status Change --","-- Nessun cambiamento di stato --"
"3D Secure","3D Secure"
"3D Secure Authentication","3D Secure Authentication"
"3D Secure failed","3D Secure fallito"
"3D Secure sucess","La verifica 3D Secure é andata a buon fine"
"A authorized transaction cannot be authorized again.","Una transazione autorizzata non può essere autorizzata di nuovo."
"A authorized transaction cannot be marked as failed.","Una transazione autorizzata non può essere contrassegnata come non riuscita."
"A cancelled transaction cannot be authorized.","Una transazione annullata non può essere autorizzata."
"A cancelled transaction cannot be cancelled again.","Una transazione cancellata non può essere cancellata nuovamente."
"A cancelled transaction cannot be captured.","Una transazione annullata non può essere registrata."
"A cancelled transaction cannot be marked as failed.","Una transazione annullata non può essere contrassegnato come fallita."
"A cancelled transaction cannot be refunded.","Una transazione cancellata non può essere rimborsata."
"A captured transaction cannot be authorized.","Una transazione registrata non può essere autorizzata."
"A captured transaction cannot be cancelled.","Una transazione registrata non può essere annullata."
"A captured transaction cannot be marked as failed.","Una transazione registrata non può essere contrassegnata come non riuscita."
"A failed authorization cannot be authorized.","Una autorizzazione fallita non può essere autorizzata."
"A payment method may not available for customers from different counties. You can decide when this availability check should happen. We recommend to set it during authorization","Alcuni metodi di pagamento non sono disponibili in alcuni paesi. E` possibile definire il momento in cui il controllo della disponibilità deve essere eseguito. Si consiglia di mettere su 'Durante l'autorizzazione'."
"A refund was added over !amount.","Un rimborso é stato aggiunto a !amount."
"A transaction may be uncertain, when the payment is not guaranteed. For example in case the credit card does not participate in the 3D procedure.","Una transazione può essere incerta, quando il pagamento non é garantito. Per esempio nel caso la carta di credito non partecipa alla procedura 3D."
"AVS data is invalid or AVS is not allowed for this card type.","Dati AVS non validi o AVS non é consentito per questo tipo di scheda."
"About","A proposito di"
"Account Holder Name","Intestatario del conto"
"Account owner name.","Intestatario del conto"
"Action","Azione"
"Actions","Azioni"
"Activate","Activate"
"Activate the payment method and test.","Attiva il metodo di pagamento e provalo."
"Active","Attivo"
"Additional Information","Ulteriori informazioni"
"Address Verification Result","Risultato della verifica degli indirizzi"
"Address information unavailable. Returned if the U.S. bank does not support non-U.S. AVS or if the AVS in a U.S. bank is not functioning properly.","Informazioni sull'indirizzo non disponibili. Viene restituito se la banca americana non supporta AVS o AVS non funziona correttamente in una banca americana."
"Address not verified.","L'indirizzo non é stato verificato"
"Adjust Qty","Regolare la quantità"
"Adjustment Discount","Regolazione del discount"
"Adjustment Fee","Costi di adeguamento"
"After payment selection","Dopo la scelta del pagamento"
"After selecting the payment method","Dopo aver selezionato il metodo di pagamento"
"Ajax authorization not supported.","Autorizzazione Ajax non supportata."
"Alias","Alias"
"Alias For Display","Alias da visualizzare"
"Alias Manager Account","Check out con un click (Alias Manager)"
"All Customers","Tutti i clienti"
"Allowed Currencies","Valute accettate"
"Allowed currencies for this payment method","Valute ammesse per questo metodo di pagamento"
"Already registered?","Già iscritto?"
"Always Checkout as Guest","Effettua il checkout sempre come ospite"
"American Express","American Express"
"Amount","Importo"
"Amount Incl. Tax","Importo tasse incluse"
"An SVG image (scalability) provided by the merchant. The image needs to be uploaded by using the Datatrans Web Administration Tool.","Un immagine SVG (scalabile) fornita dal rivenditore. L'immagine deve essere caricata usando il Datatrans Web Administration Tool."
"An error ocurred.","An error ocurred."
"Are you sure you want to cancel this order?","Sei sicuro di voler cancellare questo ordine?"
"Author","Autore"
"Authorization Amount","Importo autorizzazione"
"Authorization Failed","Autorizzazione non riuscita"
"Authorization Method","Metodo di autorizzazione"
"Authorization Number","Numero di autorizzazione"
"Authorization Status","Status di autorizzazione"
"Authorization is uncertain.","Autorizzazione incerta"
"Authorized Status","Status autorizzato"
"Await Notification","Attendi la notifica"
"Awaiting confirmation","In attesa di conferma"
"BIC","BIC"
"Bad signature format.","Bad signature format."
"Bank Location","Posizione della banca"
"Bank Name","Nome della banca"
"Bank account number","Numero IBAN"
"Bank code number","Numero del codice bancario"
"Bank does not support AVS.","Banca non supporta AVS."
"Before payment selection","Prima della selezione del pagamento"
"Before showing the payment method","Prima di selezionare un metodo di pagamento"
"Billing Address","Billing Address"
"Billing Information","Dati di fatturazione"
"Billing address","indirizzo di fatturazione"
"Billing address is sent","Invia l'indirizzo di fatturazione"
"Bonuscard","Bonuscard"
"Brand Color","Colore della marca"
"Brand Name","Brand Name"
"By setting the capturing the reservation can be captured directly after the order or later manually over the backend of the store.","By setting the capturing the reservation can be captured directly after the order or later manually over the backend of the store."
"CVC Code","Codice CVC"
"CVC: The user is asked for the CVC. (default)","CVC: Viene chiesto all'utente il CVC (standard)"
"Cancel","Interrompere"
"Cancel ID","Cancel ID"
"Cancel failed with an unknown error.","Cancellazione non riuscita con un errore sconosciuto."
"Cancel pending orders when out of stock","Cancellare gli ordini pendenti quando fuori stock."
"Cancel status","Status di cancellazione"
"Canceled DatatransCw","____ModuleCamel___ annullato"
"Canceling of this payment not possible!","Questo pagamento non può essere cancellato!"
"Cancelled Status","Status annullato"
"Cancelled by the customer.","Annullato dal cliente."
"Cannot update item quantity.","Impossibile aggiornare la quantità dell'articolo."
"Capture Amount","Capture Amount"
"Capture ID","Capture ID"
"Capture amount","Importo contabilizzato"
"Capture information","Informazione della contabilizzazione"
"Capture status","Status di registrazione"
"Capture: Don't Close","Registrazione: Non chiudere"
"Captured Amount","Importo riconosciuto"
"Captured Status","Status registrato"
"Captures","Acquisizione"
"Captures & Refunds","Registrazioni & Rimborsi"
"Capturing","Contabilizzare"
"Card Expiration","Carta di data di scadenza"
"Card Expiry","Data di scadenza della carta"
"Card Holder","Titolari di carte"
"Card Holder Name","Titolari di carte"
"Card Number","Numero di carta"
"Card member's name and billing address match, but billing postal code does not match.","Nome del titolare della carta e indirizzo di fatturazione corrispondono. Codice postale non corrisponde."
"Card member's name and billing postal code match, but billing address does not match.","Nome del titolare della carta e indirizzo di fatturazione corrispondono. Codice postale non corrisponde."
"Card member's name does not match, but billing postal code matches.","Codice postale corrisponde. Nome del titolare della carta non corrisponde."
"Card member's name does not match, but street address matches.","Strada corrisponde. Nome del titolare della carta non corrisponde."
"Card member's name does not match. Street address and postal code match.","Strada e codice postale corrispondono. Nome del titolare della carta non corrisponde."
"Card member's name matches but billing address and billing postal code do not match.","Il nome del titolare della carta corrisponde, ma l'indirizzo di fatturazione e il codice postale non corrispondono."
"Card member's name, billing address, and billing postal code match.","Nome del titolare della carta, indirizzo di fatturazione e codice postale corrispondono."
"Card member's name, billing address, and postal code match.","Nome del titolare della carta, indirizzo di fatturazione e codice postale corrispondono."
"Card number must not be empty.","Il numero della carta é obbligatorio"
"Carrier Title","Titolo del trasportatore"
"Check out faster","Effettua il checkout più velocemente"
"Check to activate the external checkout.","Selezionare questa opzione per attivare il checkout esterno."
"Checkout","Checkout"
"Checkout as Guest","Checkout come ospite"
"Checkout as a Guest or Register","Checkout come ospite o iscriviti"
"Checkout as a new customer","Effettua il checkout come nuovo cliente"
"Checkout using your account","Effettua il checkout utilizzando il tuo account"
"Checkout with MasterPass.","Pagare con MasterPass"
"Choose settlement after order in case you want an invoice to be created with your oder. The state of the invoice will set according to your capture status","Choose settlement after order in case you want an invoice to be created with your oder. The state of the invoice will set according to your capture status"
"Choose settlement after order in case you want an invoice to be created with your oder. The state of the invoice will set according to your capture status. For captured payments, an invoice is always created.","Seleziona 'Creazione dopo l'ordine' se vuoi che la fattura venga creata. Lo status della fattura sarà impostato secondo lo status della registrazione. Per i pagamenti acquisiti, viene sempre creata una fattura."
"Company Commercial Number","Numero commerciale dell'azienda"
"Company Registry Number","Numero di registrazione dell'azienda"
"Confirm Password","Conferma la password"
"Continue","Continua"
"Copy the URL Post that you find below (notification URL) into the Datatrans Backend (Section UPP Administration > UPP Data).","Copia l'URL Post che trovi di seguito (URL di notifica) nel backend di Datatrans  (Section UPP Administration > UPP Data)."
"Could not convert object of type '!type' to string.","Impossibile convertire l'oggetto di tipo '!type' in  string."
"Could not find a brand for the given card number.","Impossibile trovare un marchio in base al numero di carta fornito."
"Could not find an adapter for the authorization method !methodName.","Non é stato possibile trovare un adattatore per autorizzare il metodo !methodName."
"Could not find an adapter for the authoriztion method !methodName.","Impossibile trovare un adattatore per il metodo di autorizzazione !methodName."
"Could not find pressed button.","Impossibile trovare il pulsante premuto."
"Could not find template file at default location '!location'.","Impossibile trovare il file template nella posizione di default '!location'."
"Could not find the payment method !paymentMethodName.","Impossibile trovare il metodo di pagamento !paymentMethodName."
"Could not load layout from URL !url. Reason: !reason","Impossibile caricare il layout dall' URL !url. motivo: !reason"
"Create Account","Crea un account"
"Create New Order - Payment","Crea un nuovo ordine - Pagamento"
"Create a recurring payment, with an existing alias is not supported","Create a recurring payment, with an existing alias is not supported"
"Creating an account has many benefits:","I numerosi vantaggi di creare un account:"
"Creation Date","Data di creazione"
"Credit Card Brands","Marche Carta di Credito"
"Credit Card Customer Country","Paese di emissione della carta di credito"
"Credit Memo History","Credit Memo History"
"Credit Memo Totals","Credit Memo Totals"
"Credit memo's total must be positive.","Il totale di nota di credito deve essere positivo."
"CreditPass Purchase Type","CreditPass Purchase Type"
"Currency","Valuta"
"Currency !currency not supported, must be CHF","Valuta  !currency non supportata, deve essere in CHF"
"Current Configuration Scope:","Attuale ambito di configurazione:"
"Customer Account","Account cliente"
"Customer Address","L'indirizzo del cliente"
"Customer Alias Management","Gestione dell'Alias del cliente"
"Customer successfully returned from DatatransCw","Il cliente é tornato con successo da DatatransCw."
"Customer successfully returned from Datatrans","Cliente rimandato con successo dalla pagina di pagamento ____ ModuleCamel____."
"Customer sucessfully returned from the DatatransCw payment page.","Customer sucessfully returned from the DatatransCw payment page."
"Customers","Clienti"
"Customweb","Customweb"
"Dankort","Dankort"
"Date","Data"
"Date of Birth","Data di nascita"
"Day","Giorno"
"Deactivate","Deactivate"
"Dear customer we have received your billing and shipping information. In order to finish your order please create an account below or checkout as guest.","Gentile cliente abbiamo ricevuto le sue informazioni  di  fatturazione e  spedizione. Per concludere il tuo ordine,  vai alla cassa, crea un nuovo accesso o effettua il checkout come ospite."
"Dear customer, it appears to us that your payment was successful, but we are still waiting for confirmation. You can wait on this page and we will redirect you after we received the confirmation. Or you can close this window and we will send out an order confirmation email.","Gentile cliente, il suo pagamento sembra andato a buon fine, tuttavia siamo ancora in attesa di conferma. Può aspettare su questa pagina e la reindirizzeremo dopo che avremo ricevuto la conferma. Oppure può chiudere questa finestra e le invieremo una e-mail di conferma dell'ordine."
"Decides if the pay button should have the same color as the brandColor. Possible Values: &quot;true&quot; or &quot;false&quot;. If set to false the hex color #01669F will be used as a default.","Decidi se il colore del pulsante deve essere lo stesso colore della marca. Valori possibili: &quot;true&quot; o &quot;false&quot;. Se é impostato su 'falso', sarà utilizzato il colore color #01669F di default."
"Decides whether the logo shall be styled with a border around it, if the value is true the default background color is chosen, else the provided string is used as color value. Possible values: colors in hexadecimal code (#FFFFFF) or &quot;true&quot; or &quot;false&quot;","Decidi se il logo deve avere un bordo, se il valore é vero sarà scelto il colore di default per lo sfondo, altrimenti potrai indicare il colore desiderato. Valori possibili: colori in codice esadecimale (#FFFFFF) o &quot;true&quot; or &quot;false&quot;"
"Default Account","Account predefinito"
"Default Config","Configurazione predefinita"
"Default Values","Valori standard"
"Deferred","Ritardato"
"Deferred (authorization)","Deferred (authorization)"
"Deferred capturing","Registrazione ritardata"
"Deferred settlement","Creazione ritardata"
"Define a maximal order total for this checkout to be available.","Definire un ordine totale massimo al fine che questo checkout sia disponibile."
"Define a minimal order total for this checkout to be available.","Definire un ordine totale minimo al fine che questo checkout sia disponibile."
"Delayed","Ritardato"
"Delete","Cancellare"
"Delivery address","Indirizzo di consegna"
"Delivery address is sent","Invia indirizzo spedizione"
"Description","Descrizione"
"Diners Club","Diners Club"
"Direct Debits","Direct Debits"
"Direct E-Banking","Direct E-Banking"
"Direct capture after order","Subito dopo l'acquisto"
"Directly after order","Subito dopo l'acquisto"
"Directly after order (sale)","Directly after order (sale)"
"Disabled","Disattivato"
"Discount","Sconto"
"Discount Amount","Sconto"
"Do not mark them","Non marcare"
"Don't change order status","Non cambiare lo stato dell'ordine"
"During authorization","Durante l'autorizzazione"
"During the authorization","Durante l'autorizzazione"
"ESR Data","ESR Data"
"EasyPay Title","EasyPay Title"
"Edit","Modifica"
"Edit Invoice %s","Modifica la fattura %s"
"Email Address","Indirizzo email"
"Empty version number field name","Campo del numero vuoto"
"Enable or disable logging.","Attiva o disattiva logging."
"Enable the payment method","Attiva la modalità di pagamento"
"Enabled","Attivato"
"Enter the Live MerchantID.","Inserisci il Live MerchantID."
"Enter the date on which your card expires.","Inserisci la data di scadenza della carta."
"Error during Update: !msg","Errore durante l'aggiornamento: !msg"
"Error with the length of the validation date.","Error with the length of the validation date."
"ErrorCode: !code","ErrorCode: !code"
"Excl. Tax","Escl. tasse"
"External Checkout","Checkout esterno"
"External Checkout: Guest Checkout","Checkout esterno: Checkout da ospite"
"Failed","Non andato a buon fine"
"Failed payment authorization.","L'autorizzazione é stata rifiutata."
"Female","Femmina"
"Figure !number:","Figure !number:"
"Forgot Your Password?","Hai dimenticato la password?"
"Forgot your password?","Hai dimenticato la password?"
"Gender","Genere"
"German ELV transactions can be processed with an integrated credit and address check. The merchant has to agree with CreditPass (Telego) the test rules. The test rule is referred to by a 'Purchase Type'. If you don't want to use this feature, you can leave this field empty.","Le transazioni tedesche ELV possono essere processate con la verifica degli indirizzi e credito. Il commerciante deve essere d'accordo con i test rules di CreditPass (Telego). Con la definizione del 'Tipo di Acquisto', la prova di solito deve essere specificata. Se non si desidera utilizzare la funzione, é possibile lasciare il campo vuoto."
"Get Update","Aggiorna"
"Header Color","Colore dell'header"
"Here you can define a Shop ID. This is only necessary if you wish to operate several shops with one Datatrans account. In order to use this module, an additional module is required.","Qui é possibile definire un ID Shop, necessario solo se si desidera utilizzare diversi negozi con una PSPID. Per utilizzare questo modulo, é richiesto un modulo aggiuntivo."
"Here you can insert a transaction prefix. The prefix allows you to change the transaction number that is transmitted to Datatrans. The prefix must contain the tag {id}. It will then be replaced by the order number (e.g. name_{id}).","Qui è possibile inserire un prefisso d'ordine. Il prefisso consente di cambiare il numero d'ordine che viene trasmesso a Datatrans .  Il profilo deve contenere il tag {id}. Il prefisso sarà poi sostituito dal numero d'ordine (es. name-{id}). Non utilizzare '_'."
"Here you can insert an order prefix. The prefix allows you to change the order number that is transmitted to Authorize.net. The prefix must contain the tag {id}. It will then be replaced by the order number (e.g. name_{id}).","Here you can insert an order prefix. The prefix allows you to change the order number that is transmitted to Authorize.net. The prefix must contain the tag {id}. It will then be replaced by the order number (e.g. name_{id})."
"Here you can set if the invoice will be sent by you together with the product. In this case Datatrans will provide additional data for printing an ESR slip. This feature must be active with the processor as well as Datatrans. You must then process this data yourself. Only supported by Powerpay. Otherwise Powerpay will send the invoice in your stead.","Here you can set if the invoice will be sent by you together with the product. In this case Datatrans will provide additional data for printing an ESR slip. This feature must be active with the processor as well as Datatrans. You must then process this data yourself. Only supported by Powerpay. Otherwise Powerpay will send the invoice in your stead."
"Here you can specify the text, which is shown to the customer on the Easypay website. If the text contains the tag {id}, it will be replaced with the order number.","Puoi inserire il testo che sarà mostrato al cliente sul sito di Easypay. Se il testo contiene il tag {id}, sarà sostituito con il numero dell'ordine."
"Hide","Nascondi"
"IBAN","IBAN"
"IBAN number","Numero IBAN"
"IFrame Height","Altezza dell'iFrame"
"If a product is in stock only once and the payment of the customer ordering this product fails or is aborted, it won't be available until the order is canceled (see timeout option below). Enable this setting to cancel the customer's pending orders when he returns to the cart page and a product is not available anymore.","Se é rimasto un solo pezzo in magazzino e il pagamento del cliente che vuole comprare questo prodotto fallisce, il prodotto sarà riservato fino a quando l'ordine é cancellato (vedere l'opzione Timeout). Attivare questa opzione se si desidera che il prodotto NON sia riservato e che l'ordine con un pagamento non riuscito sia immediatamente annullato."
"If a product is in stock only once and the payment of the customer ordering this product fails or is aborted, it won't be available until the order is canceled (see timeout option below). Enable this setting to cancel the customer's pending orders when he returns to the cart page and a product is not available anymore. Be careful though: If you enable this option, there is a chance that payments are made with the corresponding order being already canceled.","Se un prodotto è disponibile solo una volta e il pagamento dell'ordine cliente il prodotto non riesce o viene interrotta, non sarà disponibile fino a quando l'ordine viene annullato (guarda l'opzione di timeout di seguito). Attiva questa impostazione per annullare gli ordini in attesa del cliente quando torna alla pagina del carrello e di un prodotto non è più disponibile. Attenzione, però: se si attiva questa opzione, c'è una possibilità che i pagamenti vengano effettuati con l'ordine corrispondente che é già stato annullato."
"If it is not applicable leave the field empty.","Se non é possibile lasciare il campo vuoto."
"If no liability shift is given for a transaction, should the transaction be marked as uncertain?","Se il pagamento viene effettuato senza liability shift, la transazione deve essere indicata come non sicura?"
"If the status is 'Pending' it is unclear whether the transaction will be cancelled successfully.","Se lo stato é 'in sospeso' non é chiaro se la transazione verrà annullata correttamente."
"If the status is 'Pending' it is unclear whether the transaction will be captured successfully.","Se lo stato é 'In sospeso' non é chiaro se la transazione sarà registrata con successo."
"If the status is 'Pending' it is unclear whether the transaction will be refunded successfully.","Se lo stato é 'In sospeso' non é chiaro se la transazione sarà rimborsata con successo."
"If the test mode is selected the test account is used. Otherwise the configured account is used.","If the test mode is selected the test account is used. Otherwise the configured account is used."
"If you have any issues with the module please feel free to contact us. See our <a href='https://www.sellxed.com/en/support' target='_blank'>support page</a> for more information.","Se hai problemi con il modulo non esitare a contattarci. Controlla anche <a href='https://www.sellxed.com/en/support' target='_blank'>support page</a> per ulteriori informazioni."
"If you would like to use recurring payments, you need our magento module ""Customweb Subscription"". For further information go to <a href=""http://www.sellxed.com/shop/"" target=""_blank"">sellxed.com</a>.","Se si desidera utilizzare pagamenti ricorrenti, è necessario il modulo di Magento ""abbonamento CustomWeb "". Per ulteriori informazioni visitare <a href=""http://www.sellxed.com/shop/"" target=""_blank"">sellxed.com</a>."
"Iframe Theme Name","Nome del tema iFrame"
"Image Brand Selection","Image Brand Selection"
"In case you use security 2 you can activate a separate sign (sign2) for the request done by Datatrans to your server. In this field you can provide this second sign for your live account.","Se si utilizza il livello di sicurezza 2, é possibile attivare un segno separato (sign2) per la richiesta proveniente da Datatrans al server. È possibile inserire un secondo sign per il tuo account live in questo campo."
"In case you use security 2 you can activate a separate sign (sign2) for the request done by Datatrans to your server. In this field you can provide this second sign for your test account.","Se si utilizza il livello di sicurezza 2, é possibile attivare un segno separato (sign2) per la richiesta di Datatrans al server. È possibile inserire un secondo sign per il tuo account test in questo campo."
"In case you use security 2 you can activate a separate sign (sign2) for the request done by Datatrans to your server. In this field you can provide this second sign for your test account. This setting is used only for mail and phone orders (MoTo) and for recurring payments.","Se si utilizza il livello di sicurezza 2, é possibile attivare un segno separato (sign2) per la richiesta di Datatrans al server. È possibile inserire un secondo sign per il tuo account test in questo campo. Questa opzione viene utilizzata solo per ordini via posta e telefono (MoTo) e per i pagamenti ricorrenti."
"In case you use security 2 you can activate a separate sign (sign2) for the request done by Datatrans to your server. In this field you can provide this second sign for your test account. This setting is used only for mail and phone orders (MoTo) payments.","Nel caso si utilizzi sicurezza 2 é possibile attivare un segno separato (sign2) per la richiesta fatta da Datatrans al server. In questo campo é possibile fornire questo secondo segno per l' account di prova. Questa impostazione viene utilizzata solo per posta e telefono ordini (MoTo) pagamenti."
"In case you use security 2 you can activate a separate sign (sign2) for the request done by Datatrans to your server. In this field you can provide this second sign for your test account. This setting is used only for recurring payments.","Nel caso si utilizzi sicurezza 2 é possibile attivare un segno separato (sign2) per la richiesta fatta da Datatrans al server. In questo campo é possibile fornire questo secondo segno per l' account di prova. Questa impostazione viene utilizzata solo per i pagamenti ricorrenti."
"In case you use security level 1 or 2 you have to provide a sign. This sign can be found in the backend of Datatrans of your live account.","Se si utilizza il livello di sicurezza 1 o 2, é necessario fornire un segno che può essere trovato nel backend dell'account live di Datatrans ."
"In case you use security level 1 or 2 you have to provide a sign. This sign can be found in the backend of Datatrans of your live account. This setting is used only for mail and phone orders (MoTo) and for recurring payments.","Nel caso in cui si utilizza il livello di sicurezza 1 o 2 é necessario fornire un segno. Questo segno può essere trovato nel backend di Datatrans del tuo account live. Questa impostazione viene utilizzata solo per posta e telefono ordini (MoTo) pagamenti."
"In case you use security level 1 or 2 you have to provide a sign. This sign can be found in the backend of Datatrans of your live account. This setting is used only for mail and phone orders (MoTo) payments.","Nel caso in cui si utilizza il livello di sicurezza 1 o 2 é necessario fornire un segno. Questo segno può essere trovato nel backend di Datatrans del tuo account live. Questa impostazione viene utilizzata solo per posta e telefono ordini (MoTo) pagamenti."
"In case you use security level 1 or 2 you have to provide a sign. This sign can be found in the backend of Datatrans of your live account. This setting is used only for recurring payments.","Nel caso in cui si utilizza il livello di sicurezza 1 o 2 é necessario fornire un segno. Questo segno può essere trovato nel backend di Datatrans del tuo account live. Questa impostazione viene utilizzata solo per i pagamenti ricorrenti."
"In case you use security level 1 or 2 you have to provide a sign. This sign can be found in the backend of Datatrans of your test account.","Se si utilizza il livello di sicurezza 1 o 2, é necessario inserire un segno che può essere trovato nel backend dell'account test di Datatrans ."
"In case you use security level 1 or 2 you have to provide a sign. This sign can be found in the backend of Datatrans of your test account. This setting is used only for mail and phone orders (MoTo) and for recurring payments.","Nel caso in cui si utilizza il livello di sicurezza 1 o 2 é necessario fornire un segno. Questo segno può essere trovato nel backend di Datatrans del tuo account live. Questa impostazione viene utilizzata solo per posta e telefono ordini (MoTo) pagamenti."
"In case you use security level 1 or 2 you have to provide a sign. This sign can be found in the backend of Datatrans of your test account. This setting is used only for mail and phone orders (MoTo) payments.","Nel caso in cui si utilizza il livello di sicurezza 1 o 2 é necessario fornire un segno. Questo segno può essere trovato nel backend di Datatrans del tuo account live. Questa impostazione viene utilizzata solo per posta e telefono ordini (MoTo) pagamenti."
"In case you use security level 1 or 2 you have to provide a sign. This sign can be found in the backend of Datatrans of your test account. This setting is used only for recurring payments.","Nel caso in cui si utilizza il livello di sicurezza 1 o 2 é necessario fornire un segno. Questo segno può essere trovato nel backend di Datatrans del vostro account di prova. Questa impostazione viene utilizzata solo per i pagamenti ricorrenti."
"In some cases it may take a few seconds until the transaction is successfully authorized. When this option is enabled, the notification is awaited.","In alcuni casi possono volerci alcuni secondi prima che la transazione sia autorizzata con successo. Quando l'opzione é attivata, la notifica arriva dopo qualche secondo."
"In some cases the transaction requires a few seconds until it is successfully authorized. When this option is enabled the user is hold until the transaction reach the final state. If this is not the case in 30 seconds a message is shown to the customer, which explains the situation.","In alcuni casi l'operazione richiede alcuni secondi prima di essere autorizzata. Quando questa opzione è abilitata l'utente è trattenuto fino a quando la transazione non é andato a buon fine. Se questo non è il caso in 30 secondi viene visualizzato un messaggio al cliente che spiega la situazione."
"Inactive","Inattivo"
"Incl. Tax","Incl. tasse"
"Information","Informazione"
"Inline Theme Name","Nome del tema Inline"
"Invalid login or password.","Login o password non validi."
"Invoice Items","Articoli fattura"
"Invoice On Delivery","Invoice On Delivery"
"Invoice Settlement","Pagamento della fattura"
"Invoice Totals","Totali della fattura"
"Invoice settlement","Creazione della fattura"
"Invoice was created successfully","La fattura é stato creata con successo."
"Invoices","Fatture"
"Issue Number","Numero Issue"
"It is not possible to checkout in your country.","Non é possibile effettuare il checkout nel tuo paese."
"Item","Articolo"
"Items","Articoli"
"Items Refunded","Articoli rimborsati"
"JCB","JCB"
"Learn More","Per saperne di più"
"Level 0: No Signatures","Level 0: Nessuna Firma"
"Level 1: Basic Signatures","Level 1: Firme di base"
"Level 2: Full Signatures (HMAC-MD5)","Level 2: Firme complete (HMAC-MD5)"
"Level 2: Full Signatures (HMAC-SHA-256)","Level 2: Full Signatures (HMAC-SHA-256)"
"Liability Shift Behavior","Comportamento della liability shift"
"Live Environment","Modalità Live"
"Live HMAC Key","Live HMAC Key"
"Live Identifier (PBX_IDENTIFIANT)","Live Identifier (PBX_IDENTIFIANT)"
"Live Mode","Live Mode"
"Live Password","Live Password"
"Live Rang (PBX_RANG)","Live Rang (PBX_RANG)"
"Live Site ID (PBX_SITE)","Live Site ID (PBX_SITE)"
"Logging","Logging"
"Login","Login"
"Login & Register","Login & Registrati"
"Login and password are required.","Login e password richiesti."
"Logo Border Color","Colore del bordo del logo"
"Logo Source","URL del logo"
"Logo Style","Stile del logo"
"Maestro International","Maestro International"
"Mail Order / Telephone Order (MoTo)","Mail Order / Telephone Order (MoTo)"
"Mail order/telephone order authorization","Autorizzazione degli ordini via eMail/telefono"
"Male","Maschio"
"Manage Stores","Gestire negozi"
"Manage Datatrans Aliases","Gestisci gli alias Datatrans"
"Mark transactions without liability shift as uncertain","Evidenziare le transazioni senza liability shift come non sicuri"
"MasterCard","Mastercard"
"MasterPass","MasterPass"
"MasterPass: Order Confirmation","MasterPass: conferma dell'ordine"
"Maximum Order Total","Totale massimo dell'ordine"
"Message","Notifica"
"Method Title","Titolo del metodo"
"Minimum Order Total","Minimo per il totale dell'ordine"
"Mobile Device Detection","Rilevamento di dispositivi mobili"
"Mobile Phone","Numero di cellulare"
"Month","Mese"
"My Datatrans Aliases","I miei Alias Datatrans"
"New Order","Nuovo ordine"
"New Order Status","Nuovo stato dell'ordine"
"New card","Nuova carta"
"Next Update Execution Date","Data del prossimo aggiornamento"
"No","No"
"No Items","Nessun articolo"
"No additional payment information available.","Nessuna informazione di pagamento supplementare."
"No address is sent","Indirizzo non inviato"
"No authorization method found for payment method !method.","Nessun metodo di autorizzazione trovato per il pagamento !method."
"No button returned.","Nessun tasto fornito."
"No refund possible.","Nessun rimborso possibile"
"No shipping method needed.","Nessun metodo di spedizione necessario."
"No, use the dropdown.","No, utilizzare il menu a tendina."
"Non-U.S. issuing bank does not support AVS.","Non-US banca emittente non sostiene AVS."
"Notification URL","URL di notifica"
"ORG ID","ORG ID"
"ORG ID used for device fingerprint calls. Is supplied by Byjuno. If this is set but the solvency check is set to anything other than 'during the authorization' this will not be used.","ORG ID é usato per le impronte digitali del dispositivo ed é fornito da Byjuno. Se questo é selezionato ma non é impostato il solvency check su 'durante l'autorizzazione' non sarà utilizzato."
"One Click Checkout (Alias Manager)","Check out con un click (Alias Manager)"
"Only an authorized transaction can be marked as finally declined.","Solo una transazione autorizzata può essere contrassegnata come Rifiutata."
"Only an uncertain transaction can be marked as finally declined.","Solo una transazione incerta può essere contrassegnata  Rifiutata."
"Only authorized transaction can be cancelled.","Solo le transazioni autorizzate possono essere cancellate."
"Only authorized transaction can be captured.","Solo le transazioni autorizzate possono essere registrate."
"Only authorized transaction can be refunded.","Solo transazioni autorizzate possono essere rimborsate."
"Only captured transaction can be refunded.","Solo le transazioni registrate possono essere rimborsate."
"Only on captured transaction the flag customer refusing to pay can be set.","E ' possibile impostare un flag per i clienti che non hanno pagato solo sulle transazioni registrate."
"Operation Mode","Modalità di funzionamento"
"Order #","Numero d'ordine"
"Order Grand Total","Totale complessivo dell'ordine"
"Order Information","Informazioni sull'ordine"
"Order Prefix","Order Prefix"
"Order Review","Controllo ordine"
"Order Summary","Riassunto dell'ordine"
"Order Total","Totale dell'ordine"
"Order cancelled, because the customer was too long in the payment process of Datatrans.","L'ordine é stato annullato perché il cliente é rimasto troppo a lungo nel processo di pagamento di Datatrans."
"Order was placed using %s","L'ordine é stato effettuato usando %s"
"Orders","Ordini"
"Orders with with payments that are longer pending than the specified timeout in minutes are cancelled automatically.","Gli ordini il cui pagamento é in sospeso da più tempo del timeout definito in minuti saranno annullati automaticamente. Per utilizzare questa funzione devi impostare Magento cron."
"Paid Amount","Importo pagato"
"Partial refund not possible. You may retry with the total transaction amount.","Rimborso parziale non possibile. Riprovare con l'importo totale della transazione."
"Password","Password"
"Password and password confirmation are not equal.","La password e la conferma della password non corrispondono."
"Pay Button Color","Colore del pulsante 'Pago'"
"Pay with ____paymentMethodName____","Paga con ____paymentMethodName____"
"Payment","Pagamento"
"Payment Error Message: !message","Messaggio di errore di pagamento: !message"
"Payment ID","Payment ID"
"Payment Id","ID pagamento"
"Payment Information","Informazioni sul pagamento"
"Payment Method","Metodo di pagamento"
"Payment Method Code","Codice di metodo di pagamento"
"Payment Method Selection Style","Stile della selezione del metodo di pagamento"
"Payment captured successfully.","Pagamento salvato con successo."
"Payment could not be authorized. Cancelling order. Reason : ","Il pagamento non potesse essere autorizzato. L'ordine sarà annullato. Motivo:"
"Payment details can be entered after placing the order","I dettagli di pagamento possono essere inseriti dopo avere effettuato l'ordinato."
"Payment from Applicable Countries","Payment from Applicable Countries"
"Payment from Specific Countries","Payment from Specific Countries"
"Payment from applicable countries","Pagamento da paesi applicabili"
"Payment from specific countries","Pagamento da paesi specifici"
"Payment is pending at DatatransCw","Pagamento in sospeso in DatatransCw."
"Payment method description","Descrizione di metodo di pagamento"
"Payment with %s","Pagamento con %s"
"Payment with Datatrans","Pagamenti con ____ paymentServiceProviderName____"
"Payments may be updated periodically (interval in minutes). To use this feature you have to setup magento cron","I pagamenti possono essere aggiornati automaticamente (intervallo in minuti) via API (se attivato). Per utilizzare questa funzione, il Magento Cron deve essere abilitato."
"Pending","In sospeso"
"Pending DatatransCw","DatatransCw in attesa"
"Phone","Telefono"
"Phone number","Numero di telefono"
"Phone number must be set.","Deve essere inserito un numero di telefono."
"Place Order","Fare un ordine"
"Please agree to all the terms and conditions before placing the order.","Accetta i termine e le condizioni prima di fare un ordine."
"Please check the entered CVC number.","Si prega di controllare il numero CVC inserito."
"Please check the entered credit card number.","Si prega di controllare il numero di carta di credito inserito."
"Please enter here the Bank Identifier Code (BIC).","Inserisci qui il codice di identificazione bancario (BIC)."
"Please enter here the CVC code from your card. You find the code on the back of the card.","Inserisci qui il codice CVC che si trova sul retro della tua carta."
"Please enter here the International Bank Account Number (IBAN).","Si prega di inserire l'IBAN (numero di conto bancario internazionale)."
"Please enter here the account holder name on the card.","Si prega di inserire qui il nome del titolare del conto sulla carta."
"Please enter here the account holder name.","Si prega di inserire qui il nome del titolare del conto."
"Please enter here the account number of your bank account.","Si prega di inserire l'IBAN (numero di conto bancario internazionale)."
"Please enter here the bank code of your bank.","Si prega di inserire il codice banca ."
"Please enter here the card holder name on the card.","Inserire qui il nome del titolare della carta."
"Please enter here the commercial number of your company.","Si prega di inserire il numero di iscrizione nel registro delle imprese."
"Please enter here the name of the account owner.","Si prega di inserire il nome del titolare del conto."
"Please enter here the number on your card.","Si prega di inserire il numero di carta di carta di credito."
"Please enter here the sales tax number of your company.","Inserisci qui la partita IVA della tua azienda."
"Please enter here your social security number.","Si prega di inserire il numero di sicurezza sociale."
"Please enter the location of your bank.","Si prega di inserire la posizione della banca."
"Please enter the name of your bank.","Si prega di inserire il nome della banca."
"Please enter your IBAN number.","Inserisci il tuo numero IBAN."
"Please enter your issue number, if there is no CVC code on your card.","Inserisci l'issue number, se non c'é alcun codice CVC sulla carta."
"Please enter your phone number.","Devi inserire il tuo numero di telefono."
"Please flash or disable the cache storage and retry. If this did not help, change the authorization method to PaymentPage and <a href=""%s"" target=""_blank"">contact sellxed</a>.","Svuota o disabilita la memoria cache e riprova. Se non dovesse aiutare, cambia il metodo di autorizzazione in PaymentPage and <a href=""%s"" target=""_blank"">contact sellxed</a>."
"Please flash or disable the cache storage and retry. If this did not help, change the authorization method to PaymentPage and <a href=""%s"" target=""_blank"">contact sellxed</a>.', 'http://www.sellxed.com/en/support","Si prega di lampeggiare o disabilitare la memoria cache e riprovare. Se questo non ha aiutato, cambiare il metodo di autorizzazione per PaymentPage e <a href=""%s"" target=""_blank"">contattare sellXed</a>.', 'http://www.sellxed.com/en/support"
"Please flush or disable the cache storage and retry. If this did not help, change the authorization method to PaymentPage and <a href=""%s"" target=""_blank"">contact sellxed</a>.","Svuota o disabilita la memoria cache e riprova. Se questo non aiuta, cambia il metodo di autorizzazione in PaymentPage e <a href=""%s"" target=""_blank"">contatta sellxed</a>."
"Please log in below:","Log in"
"Please select","Si prega di selezionare"
"Please select a shipping method before sending the order.","Seleziona un metodo di spedizione prima di inviare l'ordine."
"Please select the Bank Identifier Code (BIC) of your bank.","Seleziona il Bank Identifier Code (BIC) della  banca."
"Please select the brand of your card.","Seleziona la marca della scheda."
"Please select the day of your birth.","Si prega di selezionare il giorno della tua nascita."
"Please select the expiry month on your card.","Devi inserire il mese della scadenza della carta."
"Please select the expiry year on your card.","Inserisci la data di scadenza della carta."
"Please select the month of your birth.","Seleziona il mese di nascita."
"Please select the processor for this payment method.","Si prega di selezionare il processore per questo metodo di pagamento."
"Please select the the year of your birth.","Si prega di selezionare l'anno di nascita."
"Please select your gender.","Seleziona il genere"
"Please wait, processing your order...","Per favore attendi, elaborando il tuo ordine..."
"Postal code matches, but street address not verified.","Codice postale corrisponde. Strada non verificata."
"Powerpay","Powerpay"
"Price","Prezzo"
"Processor","Processore"
"Product","Prodotto"
"Product Name","Nome del prodotto"
"Purchase Point","Luogo di acquisto"
"Qty","Quantità"
"Recurring","Ricorrente"
"Recurring Payments","Pagamenti ricorrenti"
"Redirect / Lightbox Styling","Stile Redirect / Lightbox"
"Refund Amount","Importo rimborsato"
"Refund ID","ID rimborso"
"Refund amount","Importo rimborsato"
"Refund information","Informazione sul rimborso"
"Refund status","Status rimborso"
"Refunded Amount","Importo rimborsato"
"Refunds","Crediti"
"Register","Registrarsi"
"Register to Create an Account","Iscriviti per creare un account"
"Register with us for future convenience:","Iscriviti per facilitare la tua prossima visita:"
"Release Date","Data di rilascio"
"Reset","Reset"
"Review","Revisione"
"Rounding Adjustment","Arrotondamenti"
"Rounding adjustment","Rounding adjustment"
"Rounding adjustment.","Rounding adjustment."
"Row Total","Totale riga"
"SEPA Mandate ID","SEPA Mandate ID"
"SKU:","SKU:"
"Sales","Vendite"
"Sales Tax Number","Numero tasse vendite"
"Save","Salva"
"Saved cards:","Carte salvate"
"Security Level","Livello di sicurezza"
"See order and shipping status","Controlla l'ordine e lo stato della spedizione"
"Select Brand","Seleziona Marca"
"Select Card Type","Seleziona Marca"
"Select Method","Seleziona metodo"
"Select the authorization method to use for processing this payment method.","Seleziona il metodo di autorizzazione da utilizzare per l'elaborazione di questo metodo di pagamento."
"Select the date of your birth.","Inserisci la data di nascita"
"Select the date on which your card expires.","Seleziona la data di scadenza della carta."
"Select the security level you want to use. This value must correspond with the selected value in the back-end of Datatrans. Note: In case you use the mail and phone order (MoTo) or the recurring feature you have to set the security level in both account identically.","Scegliere il livello di protezione che si desidera utilizzare. Questo valore deve corrispondere a quello del backend di Datatrans. NB: Se si utilizza ordina per mail o telefono (MoTo) o pagamenti ricorrenti, é necessario impostare il livello di sicurezza uguale in entrambi gli account."
"Sellxed On Hold","Sellxed In attesa"
"Send Invoice Email","Invia la fattura per email"
"Send amounts to Datatrans in base currency.","Invia l'importo a Datatrans  in base alla valuta."
"Send amounts to Datatrans in store's base currency.","Invia importo a Datatrans  nella valuta base del negozio."
"Send invoice email","Invia la fattura via email"
"Send the invoice email automatically after invoice creation.","Invia la fattura automaticamente via email dopo averla creata."
"Set direct capture after order. In this case your authoization will directly be captured on your customer's credit card","Per la 'Contabilizzazione diretta' l'importo viene contabilizzato direttamente dopo il pagamento completato. Per la 'Contabilizzazione ritardata' l'importo viene addebitato solo dopo un periodo di tempo definito da voi."
"Set the sign1, sign2 and the settlement parameter in the module exactly the same way as in the security configuration at Datatrans.","Imposta il sign1, sign2  e l'impostazione di settlement nel modulo esattamente nello stesso modo che nella configurazione di sicurezza in Datatrans."
"Set the sort order to show the external checkouts.","Impostare il criterio di ordine per visualizzare i checkout esterni."
"Settlement after order","Creazione dopo l'ordine"
"Setup","Setup"
"Shipping & Handling","Shipping & Handling"
"Shipping Address","Shipping Address"
"Shipping Address: The shipping address must be the same as during the initial transaction.","Indirizzo di spedizione: L'indirizzo di spedizione deve essere lo stesso durante la transazione iniziale."
"Shipping Amount","Importo di spedizione"
"Shipping Information","Informazioni di spedizione"
"Shipping Method","Metodo di spedizione"
"Shipping Methods","Metodi di spedizione"
"Shipping Refund","Rimborso della spedizione"
"Shipping and billing addresses do not match.","L'indirizzo di spedizione e quello di fatturazione non corrispondono."
"Shop","Shop"
"Shop ID","ID Negozio"
"Short Installation Instructions:","Istruzioni per l'installazione breve:"
"Should the amount be captured automatically after the order (direct) or should the amount only be reserved (deferred)?","Qualora l'importo venga addebitato automaticamente dopo l'ordine (diretta) o solo bloccato (ritardato)?"
"Should the customer address be sent to Datatrans?","Decidi se inviare l'indirizzo di fatturazione inviato a Datatrans. Si consiglia di non inviare l'indirizzo."
"Show","Mostra"
"Show Account Selection","Mostra la selezione dell'account"
"Show Further Settings and Information","Mostra ulteriori impostazioni e informazioni"
"Show Image","Mostra immagine"
"Show Payment Id","Mostra il Payment Id"
"Show the payment id","Mostra il payment ID"
"Show the payment id in the order information","Mostra il payment ID nell'informazione dell'ordine"
"Show the payment image","Mostra l'immagine di pagamento"
"Show the payment image on the checkout page","Mostra l'immagine di pagamento nella pagina di checkout"
"Sign 2 of Live Account","Segno 2 dei conti live"
"Sign 2 of Live MoTo Account","Segno 2 dei conti MoTo live"
"Sign 2 of Live Recurring Account","Sign2 di Conto Live Ricorrenti"
"Sign 2 of Test Account","Segno 2 dei conti test"
"Sign 2 of Test MoTo Account","Segno 2 dei conti MoTo"
"Sign 2 of Test Recurring Account","Sign2 di conto ricorrente test"
"Sign In","Log in"
"Sign Settlement Requests","Firmare le richieste di accordo"
"Sign of Live Account","Segno dei conti live"
"Sign of Live MoTo Account","Segno dei conti MoTo live"
"Sign of Live Recurring Account","Segno di Conto Live Ricorrente"
"Sign of Test Account","Segno dei conti test"
"Sign of Test MoTo Account","Segno dei conti MoTo test"
"Sign of Test Recurring Account","Segno di account test ricorrente"
"Social Security Number","Social Security Number"
"Solvency Check","Controllo di solvibilità."
"Sort Order","Sort Order"
"State must be set on address.","State must be set on address."
"Status","Stato"
"Store the payment details","Salvare i dati di pagamento"
"Stored payment details","Dettagli di pagamento memorizzate"
"Street address and 5-digit postal code match.","Strada e codice postale a 5 cifre corrispondono."
"Street address and 9-digit postal code match.","Strada e codice postale a 9 cifre corrispondono."
"Street address and postal code do not match.","Strada e codice postale non corrispondono."
"Street address and postal code match.","Strada e codice postale corrispondono."
"Street address does not match, but 5-digit postal code matches.","Il codice postale a 5 cifre corrisponde, ma la strada non corrisponde."
"Street address does not match, but 9-digit postal code matches.","Codice postale a 9 cifre corrisponde. Strada non corrisponde."
"Street address matches, but 5-digit and 9-digit postal code do not match.","Strada e codice postale non corrispondono."
"Street address matches, but postal code not verified.","Strada corrisponde. Codice postale non verificato."
"Styling Options","Opzioni di design"
"Submit Order","Conferma l'ordine"
"Submitting order information...","Invio informazioni sull'ordine ..."
"Subtotal","Totale parziale"
"Success","Successo"
"Successful","Successo"
"Successful online refund of amount","Rimborso online dell'importo andato a buon fine."
"Successful payment authorization.","Pagamento autorizzato con successo."
"Successfull online refund of amount","Rimborso online dell'importo andato a buon fine."
"Support","Supporto"
"Swissbilling","Swissbilling"
"System unavailable.","Il sistema non é disponibile."
"Tax Amount","Importo Tassa"
"Technical issue: This payment methods is not available at the moment.","Problema tecnico: Questo metodo di pagamento non é disponibile in questo momento."
"Test Environment","Modalità test"
"Test Mode","Test Mode"
"Test Transaction","Test per la transazione"
"The HMAC key as defined in the live backoffice of Datatrans. You may need generate the HMAC key. Please take a look at the manual how to do this.","The HMAC key as defined in the live backoffice of Datatrans. You may need generate the HMAC key. Please take a look at the manual how to do this."
"The SEPA mandate schema does not contain the tag '!tag'. This tag is required.","Lo schema mandato SEPA non contiene il tag '!tag' necessario."
"The alias could not be found.","L'alias non é stato trovato."
"The alias has been deleted.","L'alias é stato cancellato."
"The alias transaction could not be conductet with error code: !code, and reason: !reason:","The alias transaction could not be conductet with error code: !code, and reason: !reason:"
"The amount could not be verified.","The amount could not be verified."
"The amount of !amount is authorized.","La quantità di !amount é autorizzata."
"The amount of !amount is captured.","La quantità di !amount é registrata."
"The amount of the transaction (!transactionAmount) and the amount of in the callback (!callbackAmount) do not correspond.","L'importo della transazione (!transactionAmount) e l'importo di un callback (!callbackAmount) non corrispondono."
"The authorization method '!method' is not supported.","Il metodo autorizzazione '!method' non é supportato."
"The authorization number returned by credit card issuing bank.","Il numero di autorizzazione, che é stato restituito da parte dell'emittente della carta."
"The authorization status indicates the status of the transaction. The status may differ from the effective status, because this field is set direclty after the authorization and it may not be updated.","Lo stato di autorizzazione indica lo stato della transazione. Questo stato può essere diverso dallo stato attuale perché lo stato é impostato subito dopo l'autorizzazione e non può essere aggiornato."
"The authorization was not successful","The authorization was not successful"
"The bank account number field cannot be empty.","Il campo del numero di conto bancario deve essere compilato"
"The bank code field cannot be empty.","Il campo Codice Banca deve essere riempito"
"The brand of the credit card is detected by the card number if hidden authorization is used. If the payment page is used, the user has to select the brand. The allowed credit card brands can be restricted by this setting.","Il tipo di carta di credito viene rilevato dal numero della carta se viene utilizzata l'autorizzazione nascosta (Hidden Authorization). Se si utilizza la pagina di pagamento, l'utente deve selezionare la marca. Le marche delle carte di credito autorizzate possono essere limitate in questa impostazione."
"The brand with external name '!key' was not present in the map.","Il marchio con il nome esterno '!key' non era presente nella mappa."
"The brand with key '!key' was not found in the card information map.","Il marchio con la chiave !key' non é stata trovata nella mappa dati della carta."
"The cancellation could not be conducted. Error code: !error.","The cancellation could not be conducted. Error code: !error."
"The capture amount (!captureAmount) cannot be greater than the authorized amount (!authorizedAmount).","La quantità da registrare (!captureAmount) non può essere superiore all'importo autorizzato (!authorizedAmount)."
"The capture item with SKU '@sku' has a higher amount (@amountItem) as the original item (@amountOriginal).","Il prodotto registrato con SKU '@sku' a una quantità (@amountItem) superiore rispetto al prodotto originale (@amountOriginal)."
"The capture item with SKU '@sku' is not present in the original order.","Il prodotto registrato con SKU '@sku' non é presente nell'ordine originale."
"The capturing could not be conducted. Error code: !error.","The capturing could not be conducted. Error code: !error."
"The card brand selection is automatically done depending on the entered card number. If no Javascript is active in the browser, a drop down is shown. In case JavaScript a the brand logos can be shown. Should the brand selection using images?","La selezione del marchio della carta avviene automaticamente a seconda del numero di carta inserito. Se Javascript é disattivato nel browser, viene visualizzato un menu a tendina. Nel caso in cui JavaScript sia attivo, i loghi possono  essere mostrati. La selezione della marca deve mostrare immagini?"
"The checkout process was not successful. Please try again.","Il processo di pagamento non é andato a buon fine. Si prega di provare di nuovo."
"The color of the text in the header bar if no logo is given. Possible Values: &quot;white&quot; or &quot;black&quot;","Il colore del testo nell'header se non é fornito il logo. Valori possibili: &quot;white&quot; or &quot;black&quot;"
"The color of your brand. The colors can be specified by their hexadecimal code (#FFFFFF) or empty for default value.","Colore della marca. I colori possono essere specificati dal loro codice esadecimale (#FFFFFF) o lasciarlo vuoto per il valore di default."
"The configuration has been saved.","La configurazione é stata salvata."
"The controller class '@controller' does not provide any method with annotation 'Customweb_Payment_Endpoint_Annotation_ExtractionMethod' and valid output.","La classe del controllore '@controller' non fornisce alcun metodo con annotazione 'Customweb_Payment_Endpoint_Annotation_ExtractionMethod'   e un valido output."
"The credit limit is exceeded. Please use a different payment method.","Il limite di credito é stato superato. Si prega di utilizzare un altro metodo di pagamento."
"The currency of the transaction (!transactionCurrency) and the currency of in the callback (!callbackCurrency) do not correspond.","La valuta della transazione (!transactionCurrency) e la valuta di un callback (!callbackCurrency) non corrispondono."
"The customer country code (ISO code) as returned by the issuer for this card.","Il codice del paese del cliente (codice ISO) come restituito dal codice del paese emittente della carta."
"The customer does not finish the payment with in the timeout.","Il cliente non completa il pagamento entro il tempo stabilito."
"The date of birth is required.","È richiesta la data di nascita."
"The expected format is '!format' where the 'MM' means the month number and 'YY' the year number.","Il formato previsto é '!format' dove per 'MM' si intende il numero del mese e 'YY' il numero dell'anno."
"The gender is required.","Il sesso deve essere specificato."
"The given CVC code has the wrong length.","Il dato codice CVC ha la lunghezza sbagliata."
"The given card number has an invalid check sum.","Il numero della carta fornito ha un checksum non valido."
"The given card number has an invalid length.","Il numero della carta fornito ha una lunghezza non valida."
"The given hmac key is empty.","The given hmac key is empty."
"The given identifier is empty.","The given identifier is empty."
"The given password is empty.","The given password is empty."
"The given rang is empty. It must be a nummeric value with length of two.","The given rang is empty. It must be a nummeric value with length of two."
"The given rang is invalid. It must be a nummeric value with length of two.","The given rang is invalid. It must be a nummeric value with length of two."
"The given site number is empty.","The given site number is empty."
"The header logo's display style. Possible values: &quot;circle&quot; , &quot;rectangle&quot; or &quot;none&quot;","Lo stile di visualizzazione del logo nell'header. Valori possibili: &quot;circle&quot; , &quot;rectangle&quot; or &quot;none&quot;"
"The identifier as defined in the backoffice of Datatrans.","The identifier as defined in the backoffice of Datatrans."
"The invoice could not be captured and processed by","Il conto non può essere contabilizzato o trattato da Datatrans."
"The invoice could not be captured and processed. Reason:","La fattura non può essere registrata e processata. Causa:"
"The invoice could not be found.","La fattura non é stato trovata."
"The invoice has been changed.","La fattura é stata cambiata."
"The invoice no longer exists.","La fattura non esiste più."
"The layout does not contain the tag '!layout_tag'.","Il layout non contiene il tag '!layout_tag'."
"The merchant id given by Datatrans for mail and phone orders (MoTo) and for recurring payments. This merchant id is used for the live environment.","Il merchant ID fornito da Datatrans per gli ordini via mail o telefono (MoTo) o pagamenti ricorrenti. Questo merchant ID é necessario per la modalità live."
"The merchant id given by Datatrans for mail and phone orders (MoTo) payments. This merchant id is used for the live environment.","Il merchant id fornito da Datatrans per i pagamenti degli ordini via email e telefono (MoTo). Questo merchant id é utilizzato per la modalità live."
"The merchant id given by Datatrans for recurring payments. This merchant id is used for the live environment.","Il merchant id fornito da Datatrans per i pagamenti ricorrenti. Questo merchant id é usato per la modalità live."
"The merchant id given by Datatrans. This merchant id is used for the live environment.","Il merchant ID di Datatrans. Questo merchant ID é necessario per la modalità live."
"The next update execution date indicates when the next cron is run to update the transaction state.","La data del prossimo aggiornamento indica quando il prossimo cron é lanciato per aggiornare lo stato della transazione."
"The one click checkout allows the customer to select from a credit card previously stored. The credit card data is stored by Datatrans. To use this feature you need the option 'Alias'.","Il One Click checkout permette al cliente di scegliere tra una carta di credito precedentemente salvata. I dati della carta di credito vengono memorizzati da Datatrans. Per utilizzare questa funzione é necessaria l'opzione 'Alias'."
"The order is not fully completed. Please contact the store owner.","Il pagamento non ha potuto andare a buon fine."
"The payment form will be displayed after submitting the order.","Il formulario di pagamento sarà mostrato dopo aver effettuato l'ordine."
"The payment has been accepted.","Il pagamento é stato accettato."
"The payment has been denied.","Il pagamento é stato rifiutato."
"The payment method !paymentMethod does not support recurring payment.","Il metodo di pagamento non supporta il pagamento ricorrente."
"The payment method !paymentMethodName does not support the currency '!currency'.","ll metodo di pagamento !paymentMethodName non supporta la moneta '!currency'."
"The payment method !paymentMethodName is not available in your country ('!country').","Il metodo di pagamento !paymentMethodName non è disponibile nel tuo paese ('!country')."
"The payment provider declined the transaction (Error Code 10). Household can not be identified at the given address.","Il fornitore di pagamento ha rifiutato la transazione (codice di errore 10). Il nucleo familiare non risulta all’indirizzo indicato."
"The payment provider declined the transaction (Error Code 4). Your address is postally incorrect. Please check again if your address was entered correctly.","Il fornitore di pagamento ha rifiutato la transazione (codice di errore 4). L'indirizzo non è corretto. Si prega di verificare e riprovare se necessario"
"The payment provider declined the transaction. For more information visit <a href='https://byjuno.ch/#dataprotection' target='_blank'>https://byjuno.ch/#dataprotection.</a>","Il fornitore di pagamento ha rifiutato la transazione. Per maggiori informazioni visita <a href='https://byjuno.ch/#dataprotection' target='_blank'>https://byjuno.ch/#dataprotection</a>."
"The payment update has been made.","L'aggiornamento del pagamento é stato fatto."
"The provided signature does not match with the one calculated.","La firma fornita non corrisponde a quella calcolata."
"The rang (PBX_RANG) as defined in the live backoffice of Datatrans. It must be nummeric value with length two. In the backoffice it may be displayed as a three char value. You must truncate the first digit.","The rang (PBX_RANG) as defined in the live backoffice of Datatrans. It must be nummeric value with length two. In the backoffice it may be displayed as a three char value. You must truncate the first digit."
"The refund item with SKU '@sku' has a higher amount (@amountItem) as the original item (@amountOriginal).","Il prodotto rimborsato con SKU '@sku' ha una quantità (@amountItem) superiore rispetto al prodotto originale (@amountOriginal)."
"The refund item with SKU '@sku' is not present in the original order.","Il prodotto rimborsato con SKU '@sku' non é presente nell'ordine originale."
"The refunding could not be conducted. Error code: !error.","The refunding could not be conducted. Error code: !error."
"The shopping cart has been altered!","Il carrello é stato modificato!"
"The sign2 calculated and the sign2 in the callback do not correspond.","Il sign2 calcolato e il sign2 nella richiamata non corrispondono."
"The signature could not be verified.","The signature could not be verified."
"The site id (PBX_RANG) as defined in the backoffice of Datatrans.","The site id (PBX_RANG) as defined in the backoffice of Datatrans."
"The solvency check can be done at different stages in the checkout process. This setting controls when the check is done.","Il controllo di solvibilità può essere effettuato a diversi stati del processo di checkout. Questa impostazione definisce quando il controllo deve essere fatto."
"The test merchant id given by Datatrans for mail and phone orders (MoTo) and for recurring payments. This merchant id is used for the test environment.","Il test merchant ID di Datatrans per gli ordini via mail o telefono (MoTo) o pagamenti ricorrenti. Questo merchant ID é necessario per la modalità test."
"The test merchant id given by Datatrans for recurring payments. This merchant id is used for the test environment.","Il merchant id fornito da Datatrans per i pagamenti ricorrenti. Questo merchant id  viene utilizzato per la modalità test."
"The test merchant id given by Datatrans. This merchant id is used for the test environment.","Il test merchant ID di Datatrans. Questo merchant ID é necessario per l'ambiente test."
"The total amount could not be correctly calculated. Please contact the shop owner.","L'importo totale non é stato calcolato correttamente. Contatta il proprietario del negozio."
"The total refund amount (!totalRefundedAmount) cannot be greater than the captured amount (!capturedAmount).","L'importo totale rimborsato (!totalRefundedAmount) non può essere superiore all'importo acquisito (!capturedAmount)."
"The transaction cannot be cancelled online.","Impossibile cancellare la transazione online."
"The transaction cannot be captured online.","Impossibile registrare la transazione online."
"The transaction cannot be refunded online.","Impossibile rimborsare la transazione online."
"The transaction failed with an unkown error.","L'operazione non é a buon fine a causa di un errore sconosciuto."
"The transaction failed with error code !code.","The transaction failed with error code !code."
"The transaction is only executed in the test system. The goods should not be delivered.","La transazione viene eseguita solo nel sistema di test. Le merci non devono essere consegnate."
"The transaction was declined.","Transazione rifiutata."
"The uncertain transaction was accepted.","La transazione non garantita è stata accettata."
"The uncertain transaction was finally declined.","La transazione non garantita è stata infine respinta."
"The validation failed with the message: !message (!detail).","La convalida non é andata a buon fine a causa con il messaggio: !message (!detail)."
"The whole transaction is cancelled.","L'intera transazione é stata annullata."
"There has been a problem during the processing of your payment.","C'é stato un problema durante l'elaborazione del tuo pagamento."
"There has been a problem during the processing of your payment. Please contact the shop owner to make sure your order was placed successfully.","Si é verificato un problema durante l'elaborazione del pagamento. Si prega di contattare il proprietario del negozio per assicurarsi che il vostro ordine sia stato effettuato con successo."
"There is a problem with your license. Please contact us (www.sellxed.com/support). Reason: %1","Si é verificato un problema con la tua licenza. Ti preghiamo di contattarci (www.sellxed.com/support). Reason: %1"
"There is a problem with your license. Please contact us (www.sellxed.com/support). Reason: %s","C'é un problema con la tua licenza. Contattaci (www.sellxed.com/support). Causa : %s"
"There is already a customer registered using this email address. Please login using this email address or enter a different email address to register your account.","Questo indirizzo email é già registrato. Effettua il login o inserisci un nuovo indirizzo email per creare un account."
"There seems to be a problem with the Datatrans module.","Sembra esserci un problema con il modulo Datatrans."
"There was an error validating the login and password.","C'è stato un errore durante la convalida del login e password."
"This URL has to be placed in the backend of Datatrans under UPP Administration > URL Post.","Questo URL deve essere inserito nel backend di Datatrans  sotto UPP Administration > URL Post."
"This account is not confirmed. <a href=""%s"">Click here</a> to resend confirmation email.","Questo account non é confermato. <a href=""%s"">Clicca qui</a> per rimandare l'email di conferma."
"This information must be printed on an invoice slip, and delivered to the customer with the goods.","This information must be printed on an invoice slip, and delivered to the customer with the goods."
"This is a brief instruction of the main and most important installation steps, which need to be performed when installing the Datatrans module. For detailed instructions regarding additional and optional settings, please refer to the enclosed instructions in the zip.","Questa é una breve istruzione delle fasi di installazione più importanti, che devono essere eseguite quando si installa il modulo Datatrans. Per istruzioni dettagliate relative alle impostazioni aggiuntive e opzionali, consultare le istruzioni allegate nello zip."
"This password is used for recurring payments and for the alias manager as well as for the server authorization. This is the password of the Datatrans account.","This password is used for recurring payments and for the alias manager as well as for the server authorization. This is the password of the Datatrans account."
"This payment method is currently unavailable.","Questo metodo di pagamento non é attualmente disponibile."
"This setting can be used to activate resp. deactivate the 3D secure check. Please check with PayBox if you are allowed to deactivate the 3D secure check. This setting has only an effect when you use the payment page.","This setting can be used to activate resp. deactivate the 3D secure check. Please check with PayBox if you are allowed to deactivate the 3D secure check. This setting has only an effect when you use the payment page."
"This setting controls the height of the integrated iFrame. It is recommended to set this value to at least 400.","Questa impostazione definisce l'altezza dell'iFrame integrato. Si raccomanda di impostare il valore almeno a 400."
"This setting controls the user identification for alias manager (one-click checkout) transactions. In case the shipping address is checked and the addresses do not match the CVC the user is forced to reenter all the credit card details.","Questa impostazione controlla l'identificazione dell'utente per le transazioni con gestore alias (one-click checkout). Nel caso in cui l'indirizzo di spedizione venga controllato e non corrisponda al CVC, si devono reinserire i dettagli della carta di credito."
"This status is set, when the payment was successfull and it is authorized.","Questo status é selezionato quando il pagamento ha avuto esito positivo ed è autorizzato."
"This transaction is already closed for further captures.","Questa transazione é già chiusa."
"This transaction is already closed for further refunds.","Questa transazione é stata chiusa e non sono più possibili rimborsi."
"This transaction no longer exists.","La transazione non esiste più."
"Timeout for pending payments (min)","Timeout per i pagamenti in sospeso"
"Titel","Titolo"
"Title","Title"
"Title of the payment method","Nome del metodo di pagamento"
"Total","Totale"
"Total Shipping Charges","Totale spese di trasporto"
"Track order history","Traccia lo storico dell'ordine"
"Transaction","tbcl_datatranscw_transaction_view"
"Transaction Authorized","Transazione autorizzata"
"Transaction Cancelled","Transazione annullata"
"Transaction Captured","Transazione registrata"
"Transaction History","Storico della transazione"
"Transaction ID Prefix","Transaction ID Prefix"
"Transaction Id","Transaction ID"
"Transaction Paid","La transazione é stata pagata"
"Transaction Uncertain","Transazione incerta"
"Transaction Updates","Aggiornamenti delle transazioni"
"Transaction cancelled successfully","La transazione é stata annullata con successo."
"Transaction captured successfully","Transazione registrata con successo"
"Transaction history","Sintesi delle transazioni"
"Transaction timed out, because customer never completed the checkout","Operazione scaduta, in quanto cliente non ha completato il checkout"
"Transaction was authorized over the deferred authorization mechanism.","La transazione é stata autorizzata con il meccanismo di autorizzazione differita."
"Transactions","Transazioni"
"URLs","URL"
"Unable to save the invoice.","Impossibile salvare la fattura."
"Uncertain Status","Status incerto"
"Uncertain transactions","Transazioni incerte"
"Unknown address check result","Risultato della verifica degli indirizzi sconosciuto"
"Unless you select this checkbox, the payment will be captured at the PSP and you can not add additional captures.","Se non si seleziona questa casella di controllo, il pagamento sarà catturato al PSP e non è possibile aggiungere ulteriori catture."
"Update","Aggiornamento"
"Update Qty's","Regolare la quantità"
"Update interval for payments","Intervallo di aggiornamento per i pagamenti"
"Use Base Currency","Usa valuta di base"
"Use Default","Usare le impostazioni standard"
"Use base currency","Usa la valuta di base"
"User Identification","Identificazione utente"
"VISA","Visa"
"Validation","Validazione"
"Version","Versione"
"View","Visualizza"
"Wait On Success Page","Aspetta sulla pagina di successo"
"We cannot get the transaction instance.","Non possiamo stabilire una transazione."
"We experienced a problem with your sellxed payment extension. For more information, please visit the configuration page of the plugin.","Si é verificato un problema con l'estensione del tuo pagamento sellxed . Per maggiori informazioni, si prega di visitare la pagina di configurazione del Datatrans plugin."
"When the store is not available (network outage, server failure or any other outage), when the feedback of Datatrans is sent, then the transaction state is not updated. Hence no order confirmation e-mail is sent and the order is not in the paid state. By activating the transaction update, such transactions can be authorized later over direct link. To use this feature the update service must be activated and the API username and the API password must be set.","When the store is not available (network outage, server failure or any other outage), when the feedback of Datatrans is sent, then the transaction state is not updated. Hence no order confirmation e-mail is sent and the order is not in the paid state. By activating the transaction update, such transactions can be authorized later over direct link. To use this feature the update service must be activated and the API username and the API password must be set."
"When the store is not available (network outage, server failure or any other outage), when the feedback of Datatrans is sent, then the transaction state is not updated. Hence no order confirmation e-mail is sent and the order is not in the paid state. By activating the transaction update, such transactions can be authorized.","Quando il negozio non é disponibile (rete, malfunzionamento del server o qualsiasi altra interruzione), quando viene inviato la valutazione di Datatrans, lo stato della transazione non viene aggiornato. Quindi nessuna e-mail  di conferma d'ordine viene inviata e l'ordine non é pagato. Attivando l'aggiornamento delle transazioni, tali operazioni possono essere autorizzate."
"When using an external checkout, the customer can either be asked to chose an option to authenticate (as guest, register or login) or he can always be checked out as guest. For the second option to work, guest checkout has to be enabled in magento.","Quando si utilizza un checkout esterno, può essere chiesto al cliente di scegliere l'opzione di autenticazione (come ospite, registrato o login) oppure può sempre fare il checkout come ospite. Affinché  la seconda opzione funzioni, il checkout come ospite deve essere abilitato in Magento."
"Wheter the payment page shows the payment method selection as list (default) or as a grid. Possible values: &quot;list&quot; or &quot;grid&quot;","La pagina del pagamento deve mostrare la selezione dei metodi di pagamento come una lista o come una griglia? Valori possibili: &quot;list&quot; or &quot;grid&quot;"
"Which account should be used for transactions done with the alias manager?","Quale conto deve essere utilizzato per le operazioni effettuate con il gestore alias?"
"Year","Anno"
"Yes","Si"
"Yes, sign also settlement requests.","Si, firma anche le richieste delle rate."
"Yes, switch automatically to mobile view","Si, passa automaticamente alla versione mobile"
"Yes, use images for the brand selection.","Si, utilizza le immagini per la selezione della marca."
"You can allow the customers to manage/delete their aliases in the their account.","Puoi permettere ai clienti di gestire/eliminare il loro alias nel loro account."
"You can decide on the order status new orders should have after they are processed successfully.","Definire lo stato dell'ordine per i nuovi ordini, che sono stati trattati con successo."
"You can decide on the order status new orders should have that have an uncertain authorization status.","Definire lo stato dell'ordine per i nuovi ordini che hanno uno status incerto."
"You can sign also the settlement requests to increase the security. This value must correspond with the setting in the backoffice of Datatrans. Note: In case you use the mail and phone order (MoTo) or the recurring feature you have to set this option in both account identically.","È inoltre possibile firmare le richieste di settlement per aumentare la sicurezza. Questo valore deve corrispondere a all'impostazione del backend di Datatrans. Notare: Se si effettua l'ordine via email o telefono (MoTo) o si utilizzano i pagamenti ricorrenti, é necessario impostare il livello di sicurezza uguale in entrambi gli account."
"You can specify the order status for new orders that have an uncertain authorisation status.","E' possibile specificare lo stato dell'ordine per i nuovi ordini che hanno uno stato di autorizzazione incerto."
"You can specify the order status for orders that are captured either directly after the order or manually in the backend.","È possibile specificare lo stato dell'ordine per gli ordini che vengono registrati subito dopo l'ordine o manualmente nel backend."
"You can specify the order status when an order is cancelled.","È possibile specificare lo stato dell'ordine quando un ordine viene annullato."
"You can switch between the different environments, by selecting the corresponding operation mode. The test environment can be found at https://pilot.datatrans.biz/.","È possibile passare dalla modalità live a quella test selezionando l'operation mode corrispondente. La modalità test può essere trovata https://pilot.datatrans.biz/."
"You created the order.","Hai creato questo ordine."
"You have no stored aliases.","Non hai nessun alias memorizzato."
"You have set the security level in the shop to level 2. But the callback does not contain the sign2. Have you activated the security level 2 in the back office of Datatrans?","È stato impostato il livello 2 di sicurezza nel negozio. Ma il callback non contiene il sign2. Avete attivato il livello di sicurezza 2 nel back office di Datatrans?"
"You have to enter a card number.","SI prega di inserire il numero della carta di credito."
"You have to enter bank code of your bank.","Si prega di inserire il codice delle tua banca"
"You have to enter commercial number of you company.","Si prega di inserire il numero di iscrizione nel registro delle imprese."
"You have to enter either the CVC code or the issue number of your card.","Si prega di inserire il codice CVC o il numero di emissione della carta."
"You have to enter sales tax number of you company.","SI prega di inserire il numero di partita IVA."
"You have to enter sales tax number of your company.","È necessario inserire il numero di imposta sulle vendite della tua azienda."
"You have to enter the BIC.","Si prega di inserire il BIC della tua banca."
"You have to enter the CVC code from your card.","Si prega di inserire il CVC della carta di credito."
"You have to enter the IBAN.","Si prega di inserire il codice IBAN."
"You have to enter the account holder name on the card.","Si prega di inserire il nome del titolare del conto come scritto sulla carta."
"You have to enter the account holder name.","Si prega di inserire qui il nome del titolare del conto sulla carta."
"You have to enter the card holder name on the card.","Si prega di inserire il nome del proprietario della carta."
"You have to enter the location of your bank.","Si prega di inserire la posizione della banca."
"You have to enter the name of the account owner.","Si prega di inserire il nome del titolare del conto."
"You have to enter the name of your bank.","Si prega di indicare il nome della banca."
"You have to enter your IBAN Number.","Si prega di inserire il codice IBAN."
"You have to enter your bank account number.","Si prega di inserire l'IBAN (numero di conto bancario internazionale)."
"You have to enter your social security number.","Si prega di inserire il numero di sicurezza sociale."
"You have to submit a CSS file to Datatrans where the CSS class selector has to match with this value.","Invia un file CSS a Datatrans dove la selezione della classe CSS deve corrispondere a questo valore."
"You may choose one of the cards you paid before on this site.","È possibile scegliere una delle schede usate in precedenza:"
"You may choose one of your stored payment details.","È possibile scegliere uno dei tuoi dati di pagamento memorizzati."
"You will be redirect to the order confirmation page.","Verrai reindirizzato alla pagina di conferma dell'ordine."
"Your browser does not allow the execution of JavaScript. Please activate JavaScript in your browser and reload this page.","Il tuo browser non permette l'esecuzione di JavaScript. Si prega di attivare JavaScript nel tuo browser e ricarica questa pagina."
"Your checkout session expired.","Your checkout session expired."
"DatatransCw Aliases","DatatransCw Alias"
"____paymentMethodName____","____paymentMethodName____"
"Datatrans Aliases","Datatrans Aliases"
"Datatrans Error","Errore di Datatrans"
"Datatrans Live Merchant ID","Datatrans Live Merchant ID"
"Datatrans Live MoTo Merchant ID","Datatrans Live MoTo Merchant ID"
"Datatrans Live Recurring Merchant ID","Datatrans Live ID Merchant ricorrente"
"Datatrans Parameters","Impostazioni per Datatrans"
"Datatrans Refund Items","Articoli rimborsati Datatrans"
"Datatrans Section","Sezione Datatrans"
"Datatrans Test Merchant ID","Datatrans Test Merchant ID"
"Datatrans Test MoTo Merchant ID","Datatrans Test MoTo Merchant ID"
"Datatrans Test Recurring Merchant ID","Datatrans Test Ricorrenti ID Merchant"
"Datatrans Transactions","Datatrans transazioni"
"Datatrans can show a mobile device optimized payment page. Should the optimized payment page shown, in case the user has a tablet or a mobile device?","Datatrans può mostrare una pagina di pagamento mobile ottimizzata. Vuoi che la pagina ottimizzata venga mostrata se l'utente lavora con un dispositivo mobile?"
"Datatrans:","Datatrans:"
"Datatrans: Alias Management","Datatrans: Alias Management"
"customweb ltd","customweb SRL"
"myOne","myOne"
"no","no"
"or","oppure"
"yes","Si"
