"* Required Fields","* Required Fields"
"-- No Status Change --","-- No Status Change --"
"3D Secure","3D Secure"
"3D Secure Authentication","3D Secure Authentication"
"3D Secure failed","3D Secure mislukt"
"3D Secure sucess","3D Secure succes"
"A authorized transaction cannot be authorized again.","Een geautoriseerde transactie kan niet worden weer geautoriseerd."
"A authorized transaction cannot be marked as failed.","Een geautoriseerde transactie kan niet worden gemarkeerd als mislukt."
"A cancelled transaction cannot be authorized.","Een geannuleerde transactie kan niet worden geautoriseerd."
"A cancelled transaction cannot be cancelled again.","Een geannuleerde transactie kan niet worden weer geannuleerd."
"A cancelled transaction cannot be captured.","Een geannuleerde transactie kan niet worden weer opgenomen."
"A cancelled transaction cannot be marked as failed.","Een geannuleerde transactie kan niet worden gemarkeerd als mislukt."
"A cancelled transaction cannot be refunded.","Een geannuleerde transactie kan niet worden bijgeschreven."
"A captured transaction cannot be authorized.","Een opgenomen transactie kan niet worden geautoriseerd."
"A captured transaction cannot be cancelled.","Een opgenomen transactie kan niet worden geannuleerd."
"A captured transaction cannot be marked as failed.","Een opgenomen transactie kan niet worden gemarkeerd als mislukt."
"A failed authorization cannot be authorized.","Een mislukte autorisatie kan niet worden geautoriseerd."
"A payment method may not available for customers from different counties. You can decide when this availability check should happen. We recommend to set it during authorization","Sommige betaalmethoden zijn niet beschikbaar voor bepaalde landen. U kunt de tijd waarop de beschikbaarheid cheque te voeren taken. Wij adviseren om op 'Tijdens de autorisatie'."
"A refund was added over !amount.","Een terugbetaling van !amount werd toegevoegd."
"A transaction may be uncertain, when the payment is not guaranteed. For example in case the credit card does not participate in the 3D procedure.","Een transactie kan onveilig zijn als de betaling niet is gegarandeerd. Bijvoorbeeld, als de credit card niet tot het 3D Secure proces."
"AVS data is invalid or AVS is not allowed for this card type.","AVS gegevens ongeldig of AVS is niet toegestaan ​​voor dit type kaart."
"About","About"
"Account Holder Name","Naam rekeninghouder"
"Account owner name.","Rekeninghouder naam"
"Action","Actie"
"Actions","Actions"
"Activate","Activate"
"Activate the payment method and test.","Activate the payment method and test."
"Active","Actief"
"Additional Information","Additional Information"
"Address Verification Result","Resultaat van adresverificatie"
"Address information unavailable. Returned if the U.S. bank does not support non-U.S. AVS or if the AVS in a U.S. bank is not functioning properly.","Informatie adres is niet beschikbaar. Het adres wordt geretourneerd als de Amerikaanse bank ondersteunt geen non-VS AVS of als de AVS in een Amerikaanse bank is niet goed functioneert."
"Address not verified.","Adres werd niet geverifieerd."
"Adjust Qty","Pas de hoeveelheid"
"Adjustment Discount","Adjustment Discount"
"Adjustment Fee","Adjustment Fee"
"After payment selection","Na het selecteren van de betaalmethode"
"After selecting the payment method","After selecting the payment method"
"Ajax authorization not supported.","Ajax machtiging wordt niet ondersteund."
"Alias","Alias"
"Alias For Display","Alias ​​voor Beeldscherm"
"Alias Manager Account","Alias Manager Account"
"All Customers","All Customers"
"Allowed Currencies","Allowed Currencies"
"Allowed currencies for this payment method","Toegestane valuta voor deze betaalmethode"
"Already registered?","Already registered?"
"Always Checkout as Guest","Always Checkout as Guest"
"American Express","American Express"
"Amount","Bedrag"
"Amount Incl. Tax","Amount Incl. Tax"
"An SVG image (scalability) provided by the merchant. The image needs to be uploaded by using the Datatrans Web Administration Tool.","An SVG image (scalability) provided by the merchant. The image needs to be uploaded by using the Datatrans Web Administration Tool."
"An error ocurred.","An error ocurred."
"Are you sure you want to cancel this order?","Are you sure you want to cancel this order?"
"Author","Author"
"Authorization Amount","Autorisatie bedrag"
"Authorization Failed","Autorisatie mislukt"
"Authorization Method","Autorisatie Methode"
"Authorization Number","Nummer van de autorisatie"
"Authorization Status","Status van de autorisatie"
"Authorization is uncertain.","Autorisatie is onzeker"
"Authorized Status","Authorized Status"
"Await Notification","Await Notification"
"Awaiting confirmation","Awaiting confirmation"
"BIC","BIC"
"Bad signature format.","Bad signature format."
"Bank Location","Bank Locatie"
"Bank Name","Bank Naam"
"Bank account number","Bankrekeningnummer"
"Bank code number","Bankcode"
"Bank does not support AVS.","Bank biedt geen ondersteuning voor AVS"
"Before payment selection","Vóór het selecteren van de betaalmethode"
"Before showing the payment method","Before showing the payment method"
"Billing Address","Billing Address"
"Billing Information","Billing Information"
"Billing address","Factuuradres"
"Billing address is sent","Stuur het factuuradres"
"Bonuscard","Bonuscard"
"Brand Color","Brand Color"
"Brand Name","Brand Name"
"By setting the capturing the reservation can be captured directly after the order or later manually over the backend of the store.","By setting the capturing the reservation can be captured directly after the order or later manually over the backend of the store."
"CVC Code","CVC Code"
"CVC: The user is asked for the CVC. (default)","CVC: De gebruiker wordt gevraagd om de CVC (standaard)."
"Cancel","Cancel"
"Cancel ID","Cancel ID"
"Cancel failed with an unknown error.","Annulering is mislukt met een onbekende fout."
"Cancel pending orders when out of stock","Lopende orders te annuleren als het item is niet langer op voorraad."
"Cancel status","Cancel status"
"Canceled DatatransCw","Canceled DatatransCw"
"Canceling of this payment not possible!","Deze betaling kan niet worden geannuleerd!"
"Cancelled Status","Cancelled Status"
"Cancelled by the customer.","Geannuleerd door klant"
"Cannot update item quantity.","Kan product hoeveelheid niet bijwerken."
"Capture Amount","Capture Amount"
"Capture ID","Capture ID"
"Capture amount","Capture bedrag"
"Capture information","Boekingsinformatie"
"Capture status","Capture status"
"Capture: Don't Close","Capture: Don't Close"
"Captured Amount","Opgenomen bedrag"
"Captured Status","Captured Status"
"Captures","Captures"
"Captures & Refunds","Captures & Refunds"
"Capturing","Capturing"
"Card Expiration","Kaart vervaldatum"
"Card Expiry","Card Vervaldatum"
"Card Holder","Kaarthouder"
"Card Holder Name","Kaarthouder"
"Card Number","Kaartnummer"
"Card member's name and billing address match, but billing postal code does not match.","Naam adres en kaarthouder juist zijn. Postcode is niet correct."
"Card member's name and billing postal code match, but billing address does not match.","Naam en postcode kaarthouder juist zijn. Adres niet juist is."
"Card member's name does not match, but billing postal code matches.","Postcode correct is. Naam van de kaarthouder is niet correct."
"Card member's name does not match, but street address matches.","Adres correct. Naam van de kaarthouder komt niet overeen."
"Card member's name does not match. Street address and postal code match.","Adres en postcode correct zijn. Naam van de kaarthouder is niet correct."
"Card member's name matches but billing address and billing postal code do not match.","Naam van de kaarthouder is juist. Adres en postcode zijn niet correct."
"Card member's name, billing address, and billing postal code match.","Naam adres, postcode en naam van de kaarthouder juist zijn."
"Card member's name, billing address, and postal code match.","Naam, adres en postcode kaarthouder juist zijn"
"Card number must not be empty.","Card number must not be empty."
"Carrier Title","Carrier Title"
"Check out faster","Check out faster"
"Check to activate the external checkout.","Check to activate the external checkout."
"Checkout","Checkout"
"Checkout as Guest","Checkout as Guest"
"Checkout as a Guest or Register","Checkout as a Guest or Register"
"Checkout as a new customer","Checkout as a new customer"
"Checkout using your account","Checkout using your account"
"Checkout with MasterPass.","Checkout with MasterPass."
"Choose settlement after order in case you want an invoice to be created with your oder. The state of the invoice will set according to your capture status","Choose settlement after order in case you want an invoice to be created with your oder. The state of the invoice will set according to your capture status"
"Choose settlement after order in case you want an invoice to be created with your oder. The state of the invoice will set according to your capture status. For captured payments, an invoice is always created.","Selecteer 'Creatie na de bestelling' als u wilt dat een factuur wordt gecreëerd. De status van de bestelling is gebaseerd op de boeken van de status. Voor vastgelegde betalingen wordt altijd een factuur aangemaakt."
"Company Commercial Number","Company Commerciële Nummer"
"Company Registry Number","Company Registry Number"
"Confirm Password","Confirm Password"
"Continue","Voortzetten"
"Copy the URL Post that you find below (notification URL) into the Datatrans Backend (Section UPP Administration > UPP Data).","Copy the URL Post that you find below (notification URL) into the Datatrans Backend (Section UPP Administration > UPP Data)."
"Could not convert object of type '!type' to string.","Kan niet converteren object van het type '!type' naar een string."
"Could not find a brand for the given card number.","Kan een merk voor de opgegeven kaartnummer niet vinden."
"Could not find an adapter for the authorization method !methodName.","Could not find an adapter for the authorization method !methodName."
"Could not find an adapter for the authoriztion method !methodName.","Kan een adapter voor de methode toestemming niet vinden !methodName."
"Could not find pressed button.","Kon ingedrukte knop niet vinden."
"Could not find template file at default location '!location'.","Kan template bestand niet vinden op standaard locatie '!location'."
"Could not find the payment method !paymentMethodName.","Kan de betaalmethode !paymentMethodName niet vinden."
"Could not load layout from URL !url. Reason: !reason","Kon layout niet laden van URL !url. Reden: !reason"
"Create Account","Create Account"
"Create New Order - Payment","Create New Order - Payment"
"Create a recurring payment, with an existing alias is not supported","Create a recurring payment, with an existing alias is not supported"
"Creating an account has many benefits:","Creating an account has many benefits:"
"Creation Date","Creation Date"
"Credit Card Brands","Credit Card Brands"
"Credit Card Customer Country","Land van de klant"
"Credit Memo History","Credit Memo History"
"Credit Memo Totals","Credit Memo Totals"
"Credit memo's total must be positive.","Did you mean: Credit memos total must be positive.Totale creditnota's moet positief zijn."
"CreditPass Purchase Type","CreditPass Purchase Type"
"Currency","Valuta"
"Currency !currency not supported, must be CHF","Currency !currency not supported, must be CHF"
"Current Configuration Scope:","Huidige omvang van de configuratie:"
"Customer Account","Customer Account"
"Customer Address","Adres van de klant"
"Customer Alias Management","Customer Alias Management"
"Customer successfully returned from DatatransCw","De cliënt heeft met succes teruggekeerd van DatatransCw."
"Customer successfully returned from Datatrans","Klant met succes terug uit Datatrans"
"Customer sucessfully returned from the DatatransCw payment page.","Customer sucessfully returned from the DatatransCw payment page."
"Customers","Customers"
"Customweb","Customweb"
"Dankort","Dankort"
"Date","Datum"
"Date of Birth","Geboortedatum"
"Day","Dag"
"Deactivate","Deactivate"
"Dear customer we have received your billing and shipping information. In order to finish your order please create an account below or checkout as guest.","Dear customer we have received your billing and shipping information. In order to finish your order please create an account below or checkout as guest."
"Dear customer, it appears to us that your payment was successful, but we are still waiting for confirmation. You can wait on this page and we will redirect you after we received the confirmation. Or you can close this window and we will send out an order confirmation email.","Dear customer, it appears to us that your payment was successful, but we are still waiting for confirmation. You can wait on this page and we will redirect you after we received the confirmation. Or you can close this window and we will send out an order confirmation email."
"Decides if the pay button should have the same color as the brandColor. Possible Values: &quot;true&quot; or &quot;false&quot;. If set to false the hex color #01669F will be used as a default.","Decides if the pay button should have the same color as the brandColor. Possible Values: &quot;true&quot; or &quot;false&quot;. If set to false the hex color #01669F will be used as a default."
"Decides whether the logo shall be styled with a border around it, if the value is true the default background color is chosen, else the provided string is used as color value. Possible values: colors in hexadecimal code (#FFFFFF) or &quot;true&quot; or &quot;false&quot;","Decides whether the logo shall be styled with a border around it, if the value is true the default background color is chosen, else the provided string is used as color value. Possible values: colors in hexadecimal code (#FFFFFF) or &quot;true&quot; or &quot;false&quot;"
"Default Account","Standaard Account"
"Default Config","Standaardconfiguratie"
"Default Values","Default Values"
"Deferred","Uitgestelde"
"Deferred (authorization)","Deferred (authorization)"
"Deferred capturing","De vertraagde boeking"
"Deferred settlement","Vertraagde creatie"
"Define a maximal order total for this checkout to be available.","Define a maximal order total for this checkout to be available."
"Define a minimal order total for this checkout to be available.","Define a minimal order total for this checkout to be available."
"Delayed","Vertraagd"
"Delete","Verwijder"
"Delivery address","Afleveradres"
"Delivery address is sent","Stuur afleveradres"
"Description","Beschrijving"
"Diners Club","Diners Club"
"Direct Debits","Direct Debits"
"Direct E-Banking","Direct E-Banking"
"Direct capture after order","Directe boeking"
"Directly after order","Direct na bestelling"
"Directly after order (sale)","Directly after order (sale)"
"Disabled","Invalide"
"Discount","Discount"
"Discount Amount","Bedrag van de korting"
"Do not mark them","Niet markeren"
"Don't change order status","Heeft orderstatus niet wijzigen"
"During authorization","Tijdens de autorisatie"
"During the authorization","During the authorization"
"ESR Data","ESR Data"
"EasyPay Title","EasyPay Title"
"Edit","Bewerken"
"Edit Invoice %s","Edit Invoice %s"
"Email Address","Email Address"
"Empty version number field name","Empty version number field name"
"Enable or disable logging.","Enable or disable logging."
"Enable the payment method","Betaalmethode inschakelen"
"Enabled","Ingeschakeld"
"Enter the Live MerchantID.","Enter the Live MerchantID."
"Enter the date on which your card expires.","Voer de vervaldatum van de kaart"
"Error during Update: !msg","Error during Update: !msg"
"Error with the length of the validation date.","Error with the length of the validation date."
"ErrorCode: !code","ErrorCode: !code"
"Excl. Tax","Excl. belasting"
"External Checkout","External Checkout"
"External Checkout: Guest Checkout","External Checkout: Guest Checkout"
"Failed","Mislukt"
"Failed payment authorization.","Mislukte betaling toestemming."
"Female","Vrouw"
"Figure !number:","Figure !number:"
"Forgot Your Password?","Forgot Your Password?"
"Forgot your password?","Forgot your password?"
"Gender","Geslacht"
"German ELV transactions can be processed with an integrated credit and address check. The merchant has to agree with CreditPass (Telego) the test rules. The test rule is referred to by a 'Purchase Type'. If you don't want to use this feature, you can leave this field empty.","Duitse ELV transacties kunnen worden verwerkt met een geïntegreerde krediet en adres verificatie. De handelaar heeft om eens met CreditPass (Telego) testen regels. Door het definiëren van het 'Purchase Type' de test regel kan worden gespecificeerd. Als u niet wilt dat deze functie wilt gebruiken, kunt u dit veld leeg laten."
"Get Update","Get Update"
"Header Color","Header Color"
"Here you can define a Shop ID. This is only necessary if you wish to operate several shops with one Datatrans account. In order to use this module, an additional module is required.","Dit is alleen nodig als u verschillende winkels werken met een Datatrans account. Om deze module is een extra module vereist."
"Here you can insert a transaction prefix. The prefix allows you to change the transaction number that is transmitted to Datatrans. The prefix must contain the tag {id}. It will then be replaced by the order number (e.g. name_{id}).","Met dit prefix kunt u de transactie nummer dat wordt verzonden naar Datatrans te veranderen. Het prefix moet de tag {id} bevatten. De tag wordt dan vervangen door het ordernummer (bijv. name_ {id})."
"Here you can insert an order prefix. The prefix allows you to change the order number that is transmitted to Authorize.net. The prefix must contain the tag {id}. It will then be replaced by the order number (e.g. name_{id}).","Here you can insert an order prefix. The prefix allows you to change the order number that is transmitted to Authorize.net. The prefix must contain the tag {id}. It will then be replaced by the order number (e.g. name_{id})."
"Here you can set if the invoice will be sent by you together with the product. In this case Datatrans will provide additional data for printing an ESR slip. This feature must be active with the processor as well as Datatrans. You must then process this data yourself. Only supported by Powerpay. Otherwise Powerpay will send the invoice in your stead.","Here you can set if the invoice will be sent by you together with the product. In this case Datatrans will provide additional data for printing an ESR slip. This feature must be active with the processor as well as Datatrans. You must then process this data yourself. Only supported by Powerpay. Otherwise Powerpay will send the invoice in your stead."
"Here you can specify the text, which is shown to the customer on the Easypay website. If the text contains the tag {id}, it will be replaced with the order number.","Here you can specify the text, which is shown to the customer on the Easypay website. If the text contains the tag {id}, it will be replaced with the order number."
"Hide","Hide"
"IBAN","IBAN"
"IBAN number","IBAN-nummer"
"IFrame Height","IFrame Height"
"If a product is in stock only once and the payment of the customer ordering this product fails or is aborted, it won't be available until the order is canceled (see timeout option below). Enable this setting to cancel the customer's pending orders when he returns to the cart page and a product is not available anymore.","Als er slechts een product op voorraad is en de betaling van de klant (de exacte koopt dit product) faalt, zolang het product wordt gereserveerd tot de bestelling wordt geannuleerd (zie Time-out optie). Schakel deze optie in als u NIET wilt dat het product zal worden gereserveerd. Bestellingen met een mislukte of afgebroken status van de betaling wordt meteen geannuleerd."
"If a product is in stock only once and the payment of the customer ordering this product fails or is aborted, it won't be available until the order is canceled (see timeout option below). Enable this setting to cancel the customer's pending orders when he returns to the cart page and a product is not available anymore. Be careful though: If you enable this option, there is a chance that payments are made with the corresponding order being already canceled.","If a product is in stock only once and the payment of the customer ordering this product fails or is aborted, it won't be available until the order is canceled (see timeout option below). Enable this setting to cancel the customer's pending orders when he returns to the cart page and a product is not available anymore. Be careful though: If you enable this option, there is a chance that payments are made with the corresponding order being already canceled."
"If it is not applicable leave the field empty.","Als het niet van toepassing laat het veld leeg."
"If no liability shift is given for a transaction, should the transaction be marked as uncertain?","Als er geen liability shift wordt gegeven door een transactie, moet de transactie worden gemarkeerd als onzeker?"
"If the status is 'Pending' it is unclear whether the transaction will be cancelled successfully.","Als de status 'Pending' het is onduidelijk of de transactie met succes zal worden geannuleerd."
"If the status is 'Pending' it is unclear whether the transaction will be captured successfully.","Als de status 'Pending' het is onduidelijk of de transactie met succes zal worden vastgelegd."
"If the status is 'Pending' it is unclear whether the transaction will be refunded successfully.","Als de status 'Pending' het is onduidelijk of de transactie met succes zal worden terugbetaald."
"If the test mode is selected the test account is used. Otherwise the configured account is used.","If the test mode is selected the test account is used. Otherwise the configured account is used."
"If you have any issues with the module please feel free to contact us. See our <a href='https://www.sellxed.com/en/support' target='_blank'>support page</a> for more information.","If you have any issues with the module please feel free to contact us. See our <a href='https://www.sellxed.com/en/support' target='_blank'>support page</a> for more information."
"If you would like to use recurring payments, you need our magento module ""Customweb Subscription"". For further information go to <a href=""http://www.sellxed.com/shop/"" target=""_blank"">sellxed.com</a>.","If you would like to use recurring payments, you need our magento module ""Customweb Subscription"". For further information go to <a href=""http://www.sellxed.com/shop/"" target=""_blank"">sellxed.com</a>."
"Iframe Theme Name","Iframe Theme Name"
"Image Brand Selection","Image Brand Selection"
"In case you use security 2 you can activate a separate sign (sign2) for the request done by Datatrans to your server. In this field you can provide this second sign for your live account.","In het geval dat u gebruik maakt van veiligheidsniveau 2, kunt u een teken aparte(sign2) activeren voor het verzoek van Datatrans naar uw server. In dit veld kunt u deze tweede teken plaatst voor uw Live-account."
"In case you use security 2 you can activate a separate sign (sign2) for the request done by Datatrans to your server. In this field you can provide this second sign for your test account.","In het geval dat u gebruik maakt van veiligheidsniveau 2, kunt u een teken aparte(sign2) activeren voor het verzoek van Datatrans naar uw server. In dit veld kunt u deze tweede teken plaatst voor uw testaccount."
"In case you use security 2 you can activate a separate sign (sign2) for the request done by Datatrans to your server. In this field you can provide this second sign for your test account. This setting is used only for mail and phone orders (MoTo) and for recurring payments.","In het geval dat u gebruik maakt van veiligheidsniveau 2, kunt u een teken aparte(sign2) activeren voor het verzoek van Datatrans naar uw server. In dit veld kunt u deze tweede teken plaatst voor uw testaccount. Deze instelling wordt alleen gebruikt voor e-mail en telefonische bestellingen (MoTo) en voor terugkerende betalingen."
"In case you use security 2 you can activate a separate sign (sign2) for the request done by Datatrans to your server. In this field you can provide this second sign for your test account. This setting is used only for mail and phone orders (MoTo) payments.","In het geval dat de beveiliging 2 gebruikt u kunt een aparte teken (sign2) activeren voor het verzoek gedaan door Datatrans naar uw server. In dit veld kunt u deze tweede teken voor uw testaccount. Deze instelling wordt alleen gebruikt voor e-mail en telefonische bestellingen (MoTo) betalingen."
"In case you use security 2 you can activate a separate sign (sign2) for the request done by Datatrans to your server. In this field you can provide this second sign for your test account. This setting is used only for recurring payments.","In het geval dat de beveiliging 2 gebruikt u kunt een aparte teken (sign2) activeren voor het verzoek gedaan door Datatrans naar uw server. In dit veld kunt u deze tweede teken voor uw testaccount. Deze instelling wordt alleen gebruikt voor periodieke betalingen."
"In case you use security level 1 or 2 you have to provide a sign. This sign can be found in the backend of Datatrans of your live account.","In het geval dat u gebruik maakt van veiligheidsniveau 1 of 2, moet u een teken geven. Dit bord is te vinden in de backend van Datatrans van uw Live-account."
"In case you use security level 1 or 2 you have to provide a sign. This sign can be found in the backend of Datatrans of your live account. This setting is used only for mail and phone orders (MoTo) and for recurring payments.","In het geval dat u gebruik maakt van veiligheidsniveau 1 of 2, moet u een teken geven. Dit bord is te vinden in de backend van Datatrans van uw Live-account. Deze instelling wordt alleen gebruikt voor e-mail en telefonische bestellingen (MoTo) en voor terugkerende betalingen."
"In case you use security level 1 or 2 you have to provide a sign. This sign can be found in the backend of Datatrans of your live account. This setting is used only for mail and phone orders (MoTo) payments.","Bij veiligheidsniveau 1 of 2 gebruiken je moet je een teken te geven. Dit teken kan worden gevonden in de backend van Datatrans van uw live-account. Deze instelling wordt alleen gebruikt voor e-mail en telefonische bestellingen (MoTo) betalingen."
"In case you use security level 1 or 2 you have to provide a sign. This sign can be found in the backend of Datatrans of your live account. This setting is used only for recurring payments.","Bij veiligheidsniveau 1 of 2 gebruiken je moet je een teken te geven. Dit teken kan worden gevonden in de backend van Datatrans van uw live-account. Deze instelling wordt alleen gebruikt voor periodieke betalingen."
"In case you use security level 1 or 2 you have to provide a sign. This sign can be found in the backend of Datatrans of your test account.","In het geval dat u gebruik maakt van veiligheidsniveau 1 of 2, moet u een teken geven. Dit bord is te vinden in de backend van Datatrans van uw testaccount."
"In case you use security level 1 or 2 you have to provide a sign. This sign can be found in the backend of Datatrans of your test account. This setting is used only for mail and phone orders (MoTo) and for recurring payments.","En caso de utilizar el nivel de seguridad 1 o 2, hay que dar una señal. Esta señal se puede encontrar en el backend de Datatrans de su cuenta de prueba. Deze instelling wordt alleen gebruikt voor e-mail en telefonische bestellingen (MoTo) en voor terugkerende betalingen."
"In case you use security level 1 or 2 you have to provide a sign. This sign can be found in the backend of Datatrans of your test account. This setting is used only for mail and phone orders (MoTo) payments.","Bij veiligheidsniveau 1 of 2 gebruiken je moet je een teken te geven. Dit teken kan worden gevonden in de backend van Datatrans van uw testaccount. Deze instelling wordt alleen gebruikt voor e-mail en telefonische bestellingen (MoTo) betalingen."
"In case you use security level 1 or 2 you have to provide a sign. This sign can be found in the backend of Datatrans of your test account. This setting is used only for recurring payments.","Bij veiligheidsniveau 1 of 2 gebruiken je moet je een teken te geven. Dit teken kan worden gevonden in de backend van Datatrans van uw testaccount. Deze instelling wordt alleen gebruikt voor periodieke betalingen."
"In some cases it may take a few seconds until the transaction is successfully authorized. When this option is enabled, the notification is awaited.","In some cases it may take a few seconds until the transaction is successfully authorized. When this option is enabled, the notification is awaited."
"In some cases the transaction requires a few seconds until it is successfully authorized. When this option is enabled the user is hold until the transaction reach the final state. If this is not the case in 30 seconds a message is shown to the customer, which explains the situation.","In some cases the transaction requires a few seconds until it is successfully authorized. When this option is enabled the user is hold until the transaction reach the final state. If this is not the case in 30 seconds a message is shown to the customer, which explains the situation."
"Inactive","Inactief"
"Incl. Tax","Incl. belasting"
"Information","Information"
"Inline Theme Name","Inline Theme Name"
"Invalid login or password.","Invalid login or password."
"Invoice Items","Factuur items"
"Invoice On Delivery","Invoice On Delivery"
"Invoice Settlement","Invoice Settlement"
"Invoice Totals","Factuurtotalen"
"Invoice settlement","Creatie van de rekening"
"Invoice was created successfully","Het rekening is gemaakt met goed gevolg"
"Invoices","Facturen"
"Issue Number","Albumreeks"
"It is not possible to checkout in your country.","It is not possible to checkout in your country."
"Item","Item"
"Items","Items"
"Items Refunded","Items Refunded"
"JCB","JCB"
"Learn More","Learn More"
"Level 0: No Signatures","Niveau 0: Geen Tekeningen"
"Level 1: Basic Signatures","Niveau 1: Basis Tekeningen"
"Level 2: Full Signatures (HMAC-MD5)","Niveau 2: Volledige Tekeningen (HMAC-MD5)"
"Level 2: Full Signatures (HMAC-SHA-256)","Level 2: Full Signatures (HMAC-SHA-256)"
"Liability Shift Behavior","Gedrag van de liability shift"
"Live Environment","Live-omgeving"
"Live HMAC Key","Live HMAC Key"
"Live Identifier (PBX_IDENTIFIANT)","Live Identifier (PBX_IDENTIFIANT)"
"Live Mode","Live Mode"
"Live Password","Live Password"
"Live Rang (PBX_RANG)","Live Rang (PBX_RANG)"
"Live Site ID (PBX_SITE)","Live Site ID (PBX_SITE)"
"Logging","Logging"
"Login","Login"
"Login & Register","Login & Register"
"Login and password are required.","Login and password are required."
"Logo Border Color","Logo Border Color"
"Logo Source","Logo Source"
"Logo Style","Logo Style"
"Maestro International","Maestro International"
"Mail Order / Telephone Order (MoTo)","Mail Order / Telephone Order (MoTo)"
"Mail order/telephone order authorization","Postorder / telefonische bestellingen machtiging"
"Male","Mannelijk"
"Manage Stores","Beheer winkels"
"Manage Datatrans Aliases","Manage Datatrans Aliases"
"Mark transactions without liability shift as uncertain","Markeer transacties zonder liability shift als onveilig"
"MasterCard","MasterCard"
"MasterPass","MasterPass"
"MasterPass: Order Confirmation","MasterPass: Order Confirmation"
"Maximum Order Total","Maximum Bestel Total"
"Message","Bericht"
"Method Title","Method Title"
"Minimum Order Total","Minimum Bestel Total"
"Mobile Device Detection","Detectie mobiel apparaat"
"Mobile Phone","Mobile Phone"
"Month","Maand"
"My Datatrans Aliases","My Datatrans Aliases"
"New Order","New Order"
"New Order Status","Niewe bestelstatus"
"New card","New card"
"Next Update Execution Date","Next Update Execution Date"
"No","Geen"
"No Items","No Items"
"No additional payment information available.","Geen extra betaling informatie beschikbaar"
"No address is sent","Heb adres niet verzenden"
"No authorization method found for payment method !method.","Geen vergunning methode gevonden voor de betalingswijze"
"No button returned.","Geen knop terug."
"No refund possible.","Geen terugbetaling mogelijk"
"No shipping method needed.","No shipping method needed."
"No, use the dropdown.","Nee, het dropdown."
"Non-U.S. issuing bank does not support AVS.","Niet-AV uitgevende bank niet ondersteunt AVS."
"Notification URL","Notification URL"
"ORG ID","ORG ID"
"ORG ID used for device fingerprint calls. Is supplied by Byjuno. If this is set but the solvency check is set to anything other than 'during the authorization' this will not be used.","ORG ID used for device fingerprint calls. Is supplied by Byjuno. If this is set but the solvency check is set to anything other than 'during the authorization' this will not be used."
"One Click Checkout (Alias Manager)","One Click Checkout (Alias Manager)"
"Only an authorized transaction can be marked as finally declined.","Only an authorized transaction can be marked as finally declined."
"Only an uncertain transaction can be marked as finally declined.","Only an uncertain transaction can be marked as finally declined."
"Only authorized transaction can be cancelled.","Alleen geautoriseerde transacties kan worden geannuleerd."
"Only authorized transaction can be captured.","Alleen geautoriseerde transacties kunnen worden geregistreerd"
"Only authorized transaction can be refunded.","Alleen geautoriseerde transacties kunnen worden bijgeschreven."
"Only captured transaction can be refunded.","Alleen opgenomen transacties kunnen worden bijgeschreven."
"Only on captured transaction the flag customer refusing to pay can be set.","Only on captured transaction the flag customer refusing to pay can be set."
"Operation Mode","Werkingsmodus"
"Order #","Order #"
"Order Grand Total","Bestel Grand Total"
"Order Information","Order Information"
"Order Prefix","Order Prefix"
"Order Review","Order Review"
"Order Summary","Order Summary"
"Order Total","Order Total"
"Order cancelled, because the customer was too long in the payment process of Datatrans.","De bestelling is geannuleerd omdat de klant was te lang gevestigd in het betalingsproces van Datatrans."
"Order was placed using %s","Order was placed using %s"
"Orders","Orders"
"Orders with with payments that are longer pending than the specified timeout in minutes are cancelled automatically.","Bestellingen waarvan de betaling is in behandeling langer dan de gedefinieerde time-out in minuten automatisch geannuleerd. Om deze functie moet je setup Magento cron gebruiken."
"Paid Amount","Betaalde bedrag"
"Partial refund not possible. You may retry with the total transaction amount.","Gedeeltelijke terugbetaling is niet mogelijk. Het bedrag hoger is dan het totale bedrag."
"Password","Password"
"Password and password confirmation are not equal.","Password and password confirmation are not equal."
"Pay Button Color","Pay Button Color"
"Pay with ____paymentMethodName____","Pay with ____paymentMethodName____"
"Payment","Payment"
"Payment Error Message: !message","Betaling Fout met Message: !message"
"Payment ID","Betaling ID"
"Payment Id","Betaling ID"
"Payment Information","Informatie over betaling"
"Payment Method","Betalingsmethode"
"Payment Method Code","Betaalmethode code"
"Payment Method Selection Style","Payment Method Selection Style"
"Payment captured successfully.","Betaling succes gevangen"
"Payment could not be authorized. Cancelling order. Reason : ","De betaling is niet geatoriseerde. De bestelling wordt geannuleerd. Reden:"
"Payment details can be entered after placing the order","Betaling informatie kan worden ingevoerd na het plaatsen van de bestelling"
"Payment from Applicable Countries","Payment from Applicable Countries"
"Payment from Specific Countries","Payment from Specific Countries"
"Payment from applicable countries","Betaling van de toepasselijke landen"
"Payment from specific countries","Betaling van specifieke landen"
"Payment is pending at DatatransCw","Betaling in behandeling bij DatatransCw"
"Payment method description","Beschrijving van de betaalmethode"
"Payment with %s","Payment with %s"
"Payment with Datatrans","Betalen met Datatrans"
"Payments may be updated periodically (interval in minutes). To use this feature you have to setup magento cron","Betalingen kunnen automatisch worden bijgewerkt (in minuten) via API (indien ingeschakeld). Om de functie te gebruiken, moet de Magento Cron worden ingeschakeld."
"Pending","Pending"
"Pending DatatransCw","Pending DatatransCw"
"Phone","Phone"
"Phone number","Phone number"
"Phone number must be set.","Phone number must be set."
"Place Order","Place Order"
"Please agree to all the terms and conditions before placing the order.","Please agree to all the terms and conditions before placing the order."
"Please check the entered CVC number.","Controleer de ingevoerde CVC nummer."
"Please check the entered credit card number.","Controleer de ingevoerde creditcardnummer."
"Please enter here the Bank Identifier Code (BIC).","Vul hier de Bank Identifier Code (BIC)."
"Please enter here the CVC code from your card. You find the code on the back of the card.","Voer hier het CVC uw kaart in te voeren. U kunt dit vinden op de achterkant van uw creditcard."
"Please enter here the International Bank Account Number (IBAN).","Voer hier het International Bank Account Number (IBAN)."
"Please enter here the account holder name on the card.","Vul hier de naam rekeninghouder op de kaart."
"Please enter here the account holder name.","Vul hier de naam van de rekeninghouder."
"Please enter here the account number of your bank account.","Vul het rekeningnummer van uw bankrekening in te voeren"
"Please enter here the bank code of your bank.","Vul hier de bankcode van uw bank in te voeren"
"Please enter here the card holder name on the card.","Geef de kaarthouder een"
"Please enter here the commercial number of your company.","Vul hier het commerciële nummer van uw bedrijf."
"Please enter here the name of the account owner.","Vul de naam van de rekeninghouder in te voeren"
"Please enter here the number on your card.","Vul het kaartnummer van uw creditcard in te voeren"
"Please enter here the sales tax number of your company.","Vul hier de omzetbelasting nummer van uw bedrijf."
"Please enter here your social security number.","Vul hier uw sofi-nummer."
"Please enter the location of your bank.","Vul de locatie van uw bank."
"Please enter the name of your bank.","Vul de naam van uw bank."
"Please enter your IBAN number.","Gelieve uw IBAN-nummer."
"Please enter your issue number, if there is no CVC code on your card.","Vul uw probleem nummer als er geen CVC code op uw kaart."
"Please enter your phone number.","Please enter your phone number."
"Please flash or disable the cache storage and retry. If this did not help, change the authorization method to PaymentPage and <a href=""%s"" target=""_blank"">contact sellxed</a>.","Please flash or disable the cache storage and retry. If this did not help, change the authorization method to PaymentPage and <a href=""%s"" target=""_blank"">contact sellxed</a>."
"Please flash or disable the cache storage and retry. If this did not help, change the authorization method to PaymentPage and <a href=""%s"" target=""_blank"">contact sellxed</a>.', 'http://www.sellxed.com/en/support","Gelieve knipperen of de opslag cache uit te schakelen en probeer het opnieuw. Als dit niet helpt, moet u de machtiging methode om Payment Page en contact <a href=""%s"" target=""_blank"">sellXed</a>.', 'http://www.sellxed.com/en/support"
"Please flush or disable the cache storage and retry. If this did not help, change the authorization method to PaymentPage and <a href=""%s"" target=""_blank"">contact sellxed</a>.","Please flush or disable the cache storage and retry. If this did not help, change the authorization method to PaymentPage and <a href=""%s"" target=""_blank"">contact sellxed</a>."
"Please log in below:","Please log in below:"
"Please select","Selecteer aub"
"Please select a shipping method before sending the order.","Please select a shipping method before sending the order."
"Please select the Bank Identifier Code (BIC) of your bank.","Selecteer de Bank Identifier Code (BIC) van uw bank."
"Please select the brand of your card.","Selecteer het merk van uw kaart."
"Please select the day of your birth.","Kies de dag van je geboorte."
"Please select the expiry month on your card.","Selecteer de mot van vervaldatum op uw kaart."
"Please select the expiry year on your card.","Vul datum van de kaart de vervaldatum in te voeren"
"Please select the month of your birth.","Kies de maand van je geboorte."
"Please select the processor for this payment method.","Please select the processor for this payment method."
"Please select the the year of your birth.","Selecteer het het jaar van uw geboorte."
"Please select your gender.","Selecteer uw geslacht."
"Please wait, processing your order...","Please wait, processing your order..."
"Postal code matches, but street address not verified.","Postcode correct is. Straat is niet geverifieerd."
"Powerpay","Powerpay"
"Price","Prijs"
"Processor","Processor"
"Product","Product"
"Product Name","Product Name"
"Purchase Point","Purchase Point"
"Qty","Hoeveelheid"
"Recurring","Terugkerende betalingen"
"Recurring Payments","Recurring Payments"
"Redirect / Lightbox Styling","Redirect / Lightbox Styling"
"Refund Amount","Terug te betalen bedrag"
"Refund ID","Refund ID"
"Refund amount","Terug te betalen bedrag"
"Refund information","Informatie van de terugbetaling"
"Refund status","Status van de restitutie"
"Refunded Amount","Bedrag gecrediteerd"
"Refunds","Refunds"
"Register","Register"
"Register to Create an Account","Register to Create an Account"
"Register with us for future convenience:","Register with us for future convenience:"
"Release Date","Release Date"
"Reset","Reset"
"Review","Review"
"Rounding Adjustment","Rounding Adjustment"
"Rounding adjustment","Rounding adjustment"
"Rounding adjustment.","Rounding adjustment."
"Row Total","Rijtotaal"
"SEPA Mandate ID","SEPA Mandate ID"
"SKU:","SKU:"
"Sales","Sales"
"Sales Tax Number","Sales Tax nummer"
"Save","Bewaren"
"Saved cards:","Opgeslagen kaarten:"
"Security Level","Beveiligingsniveau"
"See order and shipping status","See order and shipping status"
"Select Brand","Kies een Merk"
"Select Card Type","Selecteer Card Type"
"Select Method","Select Method"
"Select the authorization method to use for processing this payment method.","Selecteer de Autorisatie Methode voor deze betaalmethode."
"Select the date of your birth.","Kies de datum van uw geboorte."
"Select the date on which your card expires.","Selecteer de datum waarop uw kaart verloopt."
"Select the security level you want to use. This value must correspond with the selected value in the back-end of Datatrans. Note: In case you use the mail and phone order (MoTo) or the recurring feature you have to set the security level in both account identically.","Selecteer het beveiligingsniveau dat u wilt gebruiken. Deze waarde moet overeenkomen met de geselecteerde waarde in de back-end van Datatrans. Opmerking: In het geval u de e-mail en telefoon bestellen (MoTo) of terugkerende bestellingen te gebruiken, moet u het beveiligingsniveau identiek in beide accounts."
"Sellxed On Hold","Sellxed In de wacht"
"Send Invoice Email","Send Invoice Email"
"Send amounts to Datatrans in base currency.","Send amounts to Datatrans in base currency."
"Send amounts to Datatrans in store's base currency.","Send amounts to Datatrans in store's base currency."
"Send invoice email","Send invoice email"
"Send the invoice email automatically after invoice creation.","Send the invoice email automatically after invoice creation."
"Set direct capture after order. In this case your authoization will directly be captured on your customer's credit card","Voor 'Directe Boeking' het bedrag wordt direct in mindering gebracht na betaling voltooid. Voor 'Vertraagde boeking' het bedrag wordt gedebiteerd pas na een bepaalde periode van je."
"Set the sign1, sign2 and the settlement parameter in the module exactly the same way as in the security configuration at Datatrans.","Set the sign1, sign2 and the settlement parameter in the module exactly the same way as in the security configuration at Datatrans."
"Set the sort order to show the external checkouts.","Set the sort order to show the external checkouts."
"Settlement after order","Creatie na de bestelling"
"Setup","Setup"
"Shipping & Handling","Shipping & Handling"
"Shipping Address","Shipping Address"
"Shipping Address: The shipping address must be the same as during the initial transaction.","Verzending Adres: De verzendadres moet hetzelfde zijn als tijdens de eerste transactie."
"Shipping Amount","Verzending bedrag"
"Shipping Information","Verzend Informatie"
"Shipping Method","Shipping Method"
"Shipping Methods","Shipping Methods"
"Shipping Refund","Verzending terugbetaling"
"Shipping and billing addresses do not match.","Shipping and billing addresses do not match."
"Shop","Shop"
"Shop ID","Winkel ID"
"Short Installation Instructions:","Short Installation Instructions:"
"Should the amount be captured automatically after the order (direct) or should the amount only be reserved (deferred)?","Mocht het bedrag automatisch worden vastgelegd na de bestelling (direct) of moet de vergoeding alleen worden gereserveerd (uitgestelde)?"
"Should the customer address be sent to Datatrans?","Wil je dat het adres van de klant wordt verzonden naar Datatrans?"
"Show","Show"
"Show Account Selection","Show Account Selection"
"Show Further Settings and Information","Toon meer instellingen en informatie"
"Show Image","Show Image"
"Show Payment Id","Show Payment Id"
"Show the payment id","Show the payment id"
"Show the payment id in the order information","Show the payment id in the order information"
"Show the payment image","Show the payment image"
"Show the payment image on the checkout page","Show the payment image on the checkout page"
"Sign 2 of Live Account","Teken 2 van de Live Account"
"Sign 2 of Live MoTo Account","Teken 2 van de Live MoTo Account"
"Sign 2 of Live Recurring Account","Sign2 van Live Recurring Account"
"Sign 2 of Test Account","Teken 2 van de Test Account"
"Sign 2 of Test MoTo Account","Teken 2 van de Test MoTo Account"
"Sign 2 of Test Recurring Account","Sign2 van Test Recurring Account"
"Sign In","Sign In"
"Sign Settlement Requests","Ondertekenen 'settlement requests'"
"Sign of Live Account","Teken van de Live-account"
"Sign of Live MoTo Account","Teken van de Live MoTo account"
"Sign of Live Recurring Account","Teken van Live Recurring Account"
"Sign of Test Account","Teken van de Test Account"
"Sign of Test MoTo Account","Teken van de Test MoTo Account"
"Sign of Test Recurring Account","Teken van Test Recurring Account"
"Social Security Number","Social Security Number"
"Solvency Check","Solvency Check"
"Sort Order","Schik de orde"
"State must be set on address.","State must be set on address."
"Status","Status"
"Store the payment details","Store the payment details"
"Stored payment details","Stored payment details"
"Street address and 5-digit postal code match.","Adres-en 5-cijferige postcode zijn correct."
"Street address and 9-digit postal code match.","Adres en de 9-cijferige postcode correct zijn."
"Street address and postal code do not match.","Adres en postcode komen niet overeen"
"Street address and postal code match.","Adres en postcode correct zijn."
"Street address does not match, but 5-digit postal code matches.","5-cijferige postcode correct is. Adres niet juist is."
"Street address does not match, but 9-digit postal code matches.","9-cijferige postcode correct is. Adres niet juist is."
"Street address matches, but 5-digit and 9-digit postal code do not match.","Adres correct. 5-cijferig en 9-cijferige postcode is niet correct."
"Street address matches, but postal code not verified.","Adres is correct. Postcode is niet geverifieerd."
"Styling Options","Styling Options"
"Submit Order","Submit Order"
"Submitting order information...","Submitting order information..."
"Subtotal","Subtotaal"
"Success","Succes"
"Successful","Met goed gevolg"
"Successful online refund of amount","Succesvolle online teruggaaf van bedragen"
"Successful payment authorization.","Succesvolle machtiging."
"Successfull online refund of amount","Het bedrag werd met succes terugbetaald."
"Support","Support"
"Swissbilling","Swissbilling"
"System unavailable.","Systeem niet beschikbaar"
"Tax Amount","Belastingbedrag"
"Technical issue: This payment methods is not available at the moment.","Technisch probleem: Deze betaalmethode is momenteel niet beschikbaar."
"Test Environment","Testomgeving"
"Test Mode","Test Mode"
"Test Transaction","Test Transaction"
"The HMAC key as defined in the live backoffice of Datatrans. You may need generate the HMAC key. Please take a look at the manual how to do this.","The HMAC key as defined in the live backoffice of Datatrans. You may need generate the HMAC key. Please take a look at the manual how to do this."
"The SEPA mandate schema does not contain the tag '!tag'. This tag is required.","De SEPA-machtiging schema niet de tag 'tag!' Bevatten. Deze tag is nodig."
"The alias could not be found.","The alias could not be found."
"The alias has been deleted.","De alias is verwijderd."
"The alias transaction could not be conductet with error code: !code, and reason: !reason:","The alias transaction could not be conductet with error code: !code, and reason: !reason:"
"The amount could not be verified.","The amount could not be verified."
"The amount of !amount is authorized.","Het bedrag van !amount is toegestaan."
"The amount of !amount is captured.","De hoeveelheid !amount wordt opgevangen."
"The amount of the transaction (!transactionAmount) and the amount of in the callback (!callbackAmount) do not correspond.","Het bedrag van de transactie (! TransactionAmount) en de hoeveelheid in de callback (! CallbackAmount) komen niet overeen."
"The authorization method '!method' is not supported.","De methode vergunning '!method' wordt niet ondersteund."
"The authorization number returned by credit card issuing bank.","Het nummer van de vergunning die is geretourneerd door de uitgevende bank van de credit card."
"The authorization status indicates the status of the transaction. The status may differ from the effective status, because this field is set direclty after the authorization and it may not be updated.","De status toestemming geeft de status van de transactie. De status kan afwijken van de daadwerkelijke positie, omdat het niet altijd bijgewerkt na de oorspronkelijke autorisatie."
"The authorization was not successful","The authorization was not successful"
"The bank account number field cannot be empty.","De doos voor het bankrekeningnummer is verplicht"
"The bank code field cannot be empty.","De code veld bank kan niet leeg zijn."
"The brand of the credit card is detected by the card number if hidden authorization is used. If the payment page is used, the user has to select the brand. The allowed credit card brands can be restricted by this setting.","Het merk van de creditcard wordt gedetecteerd door het kaartnummer als verborgen bevoegdheid gebruik wordt gemaakt. Als de betaling pagina wordt gebruikt, moet de gebruiker het merk te selecteren. De toegestane creditcard merken kunnen worden beperkt door deze instelling."
"The brand with external name '!key' was not present in the map.","Het merk met externe naam  '!key' was niet in de kaart."
"The brand with key '!key' was not found in the card information map.","Het merk met de belangrijkste !key'  werd niet gevonden in de kaartinformatie kaart."
"The cancellation could not be conducted. Error code: !error.","The cancellation could not be conducted. Error code: !error."
"The capture amount (!captureAmount) cannot be greater than the authorized amount (!authorizedAmount).","De vangst bedrag (!captureAmount) kan niet hoger zijn dan het toegestane bedrag (!authorizedAmount)."
"The capture item with SKU '@sku' has a higher amount (@amountItem) as the original item (@amountOriginal).","The capture item with SKU '@sku' has a higher amount (@amountItem) as the original item (@amountOriginal)."
"The capture item with SKU '@sku' is not present in the original order.","The capture item with SKU '@sku' is not present in the original order."
"The capturing could not be conducted. Error code: !error.","The capturing could not be conducted. Error code: !error."
"The card brand selection is automatically done depending on the entered card number. If no Javascript is active in the browser, a drop down is shown. In case JavaScript a the brand logos can be shown. Should the brand selection using images?","De kaart merk selectie gebeurt automatisch, afhankelijk van het ingevoerde kaartnummer. Als er geen Javascript is actief in de browser, is een drop-down getoond. In het geval dat JavaScript is geactiveerd, het merk logo's kan worden aangetoond dient het merk de selectie onder de hand van beelden."
"The checkout process was not successful. Please try again.","The checkout process was not successful. Please try again."
"The color of the text in the header bar if no logo is given. Possible Values: &quot;white&quot; or &quot;black&quot;","The color of the text in the header bar if no logo is given. Possible Values: &quot;white&quot; or &quot;black&quot;"
"The color of your brand. The colors can be specified by their hexadecimal code (#FFFFFF) or empty for default value.","The color of your brand. The colors can be specified by their hexadecimal code (#FFFFFF) or empty for default value."
"The configuration has been saved.","De configuratie is opgeslagen."
"The controller class '@controller' does not provide any method with annotation 'Customweb_Payment_Endpoint_Annotation_ExtractionMethod' and valid output.","The controller class '@controller' does not provide any method with annotation 'Customweb_Payment_Endpoint_Annotation_ExtractionMethod' and valid output."
"The credit limit is exceeded. Please use a different payment method.","The credit limit is exceeded. Please use a different payment method."
"The currency of the transaction (!transactionCurrency) and the currency of in the callback (!callbackCurrency) do not correspond.","De valuta van de transactie (! TransactionCurrency) en de valuta van in de callback (! CallbackCurrency) komen niet overeen."
"The customer country code (ISO code) as returned by the issuer for this card.","De landcode klant (ISO-code) zoals geretourneerd door de uitgever van deze kaart."
"The customer does not finish the payment with in the timeout.","The customer does not finish the payment with in the timeout."
"The date of birth is required.","The date of birth is required."
"The expected format is '!format' where the 'MM' means the month number and 'YY' the year number.","De verwachte formaat is '!format' waar de 'MM' is de maand nummer en 'YY' het jaartal."
"The gender is required.","The gender is required."
"The given CVC code has the wrong length.","De gegeven CVC-code heeft de verkeerde lengte."
"The given card number has an invalid check sum.","Het opgegeven kaartnummer heeft een ongeldige checksum."
"The given card number has an invalid length.","Het opgegeven kaartnummer heeft een ongeldige lengte."
"The given hmac key is empty.","The given hmac key is empty."
"The given identifier is empty.","The given identifier is empty."
"The given password is empty.","The given password is empty."
"The given rang is empty. It must be a nummeric value with length of two.","The given rang is empty. It must be a nummeric value with length of two."
"The given rang is invalid. It must be a nummeric value with length of two.","The given rang is invalid. It must be a nummeric value with length of two."
"The given site number is empty.","The given site number is empty."
"The header logo's display style. Possible values: &quot;circle&quot; , &quot;rectangle&quot; or &quot;none&quot;","The header logo's display style. Possible values: &quot;circle&quot; , &quot;rectangle&quot; or &quot;none&quot;"
"The identifier as defined in the backoffice of Datatrans.","The identifier as defined in the backoffice of Datatrans."
"The invoice could not be captured and processed by","De rekening kon niet worden geboekt en bewerkt van Datatrans."
"The invoice could not be captured and processed. Reason:","De factuur kan niet worden vastgelegd en verwerkt. Reden:"
"The invoice could not be found.","De factuur kan niet worden gevonden."
"The invoice has been changed.","De factuur is gewijzigd."
"The invoice no longer exists.","De factuur bestaat niet meer."
"The layout does not contain the tag '!layout_tag'.","De lay-out is niet de tag '!layout_tag' bevatten."
"The merchant id given by Datatrans for mail and phone orders (MoTo) and for recurring payments. This merchant id is used for the live environment.","De merchant id van Datatrans voor mail en telefonische bestellingen (MoTo) en voor terugkerende betalingen. Deze merchant id wordt gebruikt voor het live-omgeving."
"The merchant id given by Datatrans for mail and phone orders (MoTo) payments. This merchant id is used for the live environment.","De koopman ID gegeven door Datatrans voor e-mail en telefonische bestellingen (MoTo) betalingen. Deze koopman-ID wordt gebruikt voor de live omgeving."
"The merchant id given by Datatrans for recurring payments. This merchant id is used for the live environment.","De koopman ID gegeven door Datatrans voor terugkerende betalingen. Deze koopman-ID wordt gebruikt voor de live omgeving."
"The merchant id given by Datatrans. This merchant id is used for the live environment.","De merchant id van Datatrans. Deze merchant id wordt gebruikt voor het live-omgeving."
"The next update execution date indicates when the next cron is run to update the transaction state.","The next update execution date indicates when the next cron is run to update the transaction state."
"The one click checkout allows the customer to select from a credit card previously stored. The credit card data is stored by Datatrans. To use this feature you need the option 'Alias'.","Met one click checkout de klant kan kiezen uit een eerder opgeslagen creditcard. De creditcard gegevens worden opgeslagen met Datatrans. Om deze functie te gebruiken, de optie 'Alias' is vereist."
"The order is not fully completed. Please contact the store owner.","The order is not fully completed. Please contact the store owner."
"The payment form will be displayed after submitting the order.","The payment form will be displayed after submitting the order."
"The payment has been accepted.","The payment has been accepted."
"The payment has been denied.","The payment has been denied."
"The payment method !paymentMethod does not support recurring payment.","De transactie !paymentMethod is mislukt met een onbekende fout"
"The payment method !paymentMethodName does not support the currency '!currency'.","De betaalmethode !paymentMethodName ondersteunt niet de munt '!currency'."
"The payment method !paymentMethodName is not available in your country ('!country').","De betaalmethode !paymentMethodName is niet beschikbaar in uw land ('!country')."
"The payment provider declined the transaction (Error Code 10). Household can not be identified at the given address.","The payment provider declined the transaction (Error Code 10). Household can not be identified at the given address."
"The payment provider declined the transaction (Error Code 4). Your address is postally incorrect. Please check again if your address was entered correctly.","The payment provider declined the transaction (Error Code 4). Your address is postally incorrect. Please check again if your address was entered correctly."
"The payment provider declined the transaction. For more information visit <a href='https://byjuno.ch/#dataprotection' target='_blank'>https://byjuno.ch/#dataprotection.</a>","The payment provider declined the transaction. For more information visit <a href='https://byjuno.ch/#dataprotection' target='_blank'>https://byjuno.ch/#dataprotection.</a>"
"The payment update has been made.","The payment update has been made."
"The provided signature does not match with the one calculated.","The provided signature does not match with the one calculated."
"The rang (PBX_RANG) as defined in the live backoffice of Datatrans. It must be nummeric value with length two. In the backoffice it may be displayed as a three char value. You must truncate the first digit.","The rang (PBX_RANG) as defined in the live backoffice of Datatrans. It must be nummeric value with length two. In the backoffice it may be displayed as a three char value. You must truncate the first digit."
"The refund item with SKU '@sku' has a higher amount (@amountItem) as the original item (@amountOriginal).","The refund item with SKU '@sku' has a higher amount (@amountItem) as the original item (@amountOriginal)."
"The refund item with SKU '@sku' is not present in the original order.","The refund item with SKU '@sku' is not present in the original order."
"The refunding could not be conducted. Error code: !error.","The refunding could not be conducted. Error code: !error."
"The shopping cart has been altered!","The shopping cart has been altered!"
"The sign2 calculated and the sign2 in the callback do not correspond.","De sign2 berekend en de sign2 in de callback niet overeenkomen."
"The signature could not be verified.","The signature could not be verified."
"The site id (PBX_RANG) as defined in the backoffice of Datatrans.","The site id (PBX_RANG) as defined in the backoffice of Datatrans."
"The solvency check can be done at different stages in the checkout process. This setting controls when the check is done.","The solvency check can be done at different stages in the checkout process. This setting controls when the check is done."
"The test merchant id given by Datatrans for mail and phone orders (MoTo) and for recurring payments. This merchant id is used for the test environment.","De Test Merchant ID gegeven door Datatrans voor mail en telefonische bestellingen (MoTo) en voor terugkerende betalingen. Deze merchant ID wordt gebruikt voor de testomgeving."
"The test merchant id given by Datatrans for recurring payments. This merchant id is used for the test environment.","De test merchant ID gegeven door Datatrans voor terugkerende betalingen. Deze koopman ID wordt gebruikt voor de testomgeving."
"The test merchant id given by Datatrans. This merchant id is used for the test environment.","De Test Merchant ID gegeven door Datatrans. Deze merchant ID wordt gebruikt voor de testomgeving."
"The total amount could not be correctly calculated. Please contact the shop owner.","The total amount could not be correctly calculated. Please contact the shop owner."
"The total refund amount (!totalRefundedAmount) cannot be greater than the captured amount (!capturedAmount).","Het totaal terug te betalen bedrag kan niet hoger zijn dan de vastgelegde bedrag"
"The transaction cannot be cancelled online.","The transaction cannot be cancelled online."
"The transaction cannot be captured online.","The transaction cannot be captured online."
"The transaction cannot be refunded online.","The transaction cannot be refunded online."
"The transaction failed with an unkown error.","De transactie is mislukt met een onbekende fout"
"The transaction failed with error code !code.","The transaction failed with error code !code."
"The transaction is only executed in the test system. The goods should not be delivered.","The transaction is only executed in the test system. The goods should not be delivered."
"The transaction was declined.","The transaction was declined."
"The uncertain transaction was accepted.","De ongedekte transactie werd aanvaard."
"The uncertain transaction was finally declined.","De ongedekte transactie werd uiteindelijk verworpen."
"The validation failed with the message: !message (!detail).","The validation failed with the message: !message (!detail)."
"The whole transaction is cancelled.","De gehele transactie is geannuleerd."
"There has been a problem during the processing of your payment.","There has been a problem during the processing of your payment."
"There has been a problem during the processing of your payment. Please contact the shop owner to make sure your order was placed successfully.","Er is een probleem bij de verwerking van uw betaling. Neem contact op met de winkel eigenaar om ervoor te zorgen dat uw bestelling succesvol geplaatst wordt."
"There is a problem with your license. Please contact us (www.sellxed.com/support). Reason: %1","There is a problem with your license. Please contact us (www.sellxed.com/support). Reason: %1"
"There is a problem with your license. Please contact us (www.sellxed.com/support). Reason: %s","There is a problem with your license. Please contact us (www.sellxed.com/support). Reason: %s"
"There is already a customer registered using this email address. Please login using this email address or enter a different email address to register your account.","There is already a customer registered using this email address. Please login using this email address or enter a different email address to register your account."
"There seems to be a problem with the Datatrans module.","Er lijkt een probleem met de Datatrans module zijn."
"There was an error validating the login and password.","There was an error validating the login and password."
"This URL has to be placed in the backend of Datatrans under UPP Administration > URL Post.","This URL has to be placed in the backend of Datatrans under UPP Administration > URL Post."
"This account is not confirmed. <a href=""%s"">Click here</a> to resend confirmation email.","This account is not confirmed. <a href=""%s"">Click here</a> to resend confirmation email."
"This information must be printed on an invoice slip, and delivered to the customer with the goods.","This information must be printed on an invoice slip, and delivered to the customer with the goods."
"This is a brief instruction of the main and most important installation steps, which need to be performed when installing the Datatrans module. For detailed instructions regarding additional and optional settings, please refer to the enclosed instructions in the zip.","This is a brief instruction of the main and most important installation steps, which need to be performed when installing the Datatrans module. For detailed instructions regarding additional and optional settings, please refer to the enclosed instructions in the zip."
"This password is used for recurring payments and for the alias manager as well as for the server authorization. This is the password of the Datatrans account.","This password is used for recurring payments and for the alias manager as well as for the server authorization. This is the password of the Datatrans account."
"This payment method is currently unavailable.","This payment method is currently unavailable."
"This setting can be used to activate resp. deactivate the 3D secure check. Please check with PayBox if you are allowed to deactivate the 3D secure check. This setting has only an effect when you use the payment page.","This setting can be used to activate resp. deactivate the 3D secure check. Please check with PayBox if you are allowed to deactivate the 3D secure check. This setting has only an effect when you use the payment page."
"This setting controls the height of the integrated iFrame. It is recommended to set this value to at least 400.","This setting controls the height of the integrated iFrame. It is recommended to set this value to at least 400."
"This setting controls the user identification for alias manager (one-click checkout) transactions. In case the shipping address is checked and the addresses do not match the CVC the user is forced to reenter all the credit card details.","Deze instelling regelt de gebruiker identificatie voor alias manager (een-klik checkout) transacties. In het geval dat het afleveradres wordt gecontroleerd en de adressen niet overeenkomen met de CVC de gebruiker wordt gedwongen om alle credit card gegevens opnieuw in te voeren."
"This status is set, when the payment was successfull and it is authorized.","Deze status wordt ingesteld, wanneer de betaling is gelukt en het is toegelaten."
"This transaction is already closed for further captures.","Deze transactie is gesloten en geen verdere gegevens worden gemaakt."
"This transaction is already closed for further refunds.","Deze transactie werd gesloten voor meer credits."
"This transaction no longer exists.","This transaction no longer exists."
"Timeout for pending payments (min)","Time-out voor lopende betalingen (min)"
"Titel","Titel"
"Title","Title"
"Title of the payment method","Naam van de betalingsmethode"
"Total","Totaal"
"Total Shipping Charges","Totale verzendkosten"
"Track order history","Track order history"
"Transaction","Transaction"
"Transaction Authorized","Geautoriseerde transactie"
"Transaction Cancelled","Transactie geannuleerd"
"Transaction Captured","Transactie opgenomen"
"Transaction History","Transaction History"
"Transaction ID Prefix","Prefix of the transaction ID"
"Transaction Id","Transaction Id"
"Transaction Paid","Transactie betaald"
"Transaction Uncertain","Transactie is onzeker"
"Transaction Updates","Bijwerking van de transactie"
"Transaction cancelled successfully","Transactie met succes geannuleerd"
"Transaction captured successfully","Transactie met succes gevangen"
"Transaction history","Overzicht transactie"
"Transaction timed out, because customer never completed the checkout","Transactie time-out, omdat de klant nooit klaar de kassa"
"Transaction was authorized over the deferred authorization mechanism.","Transactie werd toegestaan ​​over de uitgestelde autorisatiemechanisme."
"Transactions","Transactions"
"URLs","URLs"
"Unable to save the invoice.","Niet in staat om de factuur op te slaan."
"Uncertain Status","Uncertain Status"
"Uncertain transactions","Onzekere transacties"
"Unknown address check result","Onbekende resultaat van de adresverificatie"
"Unless you select this checkbox, the payment will be captured at the PSP and you can not add additional captures.","Unless you select this checkbox, the payment will be captured at the PSP and you can not add additional captures."
"Update","Update"
"Update Qty's","Hoeveelheden update"
"Update interval for payments","Update Intervall voor betalingen"
"Use Base Currency","Use Base Currency"
"Use Default","Gebruik standaardinstellingen"
"Use base currency","Use base currency"
"User Identification","Gebruiker Identificatie"
"VISA","VISA"
"Validation","Bevestiging"
"Version","Version"
"View","View"
"Wait On Success Page","Wait On Success Page"
"We cannot get the transaction instance.","We cannot get the transaction instance."
"We experienced a problem with your sellxed payment extension. For more information, please visit the configuration page of the plugin.","We ervaren een probleem met uw betaling extensie van sellxed. Voor meer informatie kunt u terecht op de configuratie pagina van de plugin."
"When the store is not available (network outage, server failure or any other outage), when the feedback of Datatrans is sent, then the transaction state is not updated. Hence no order confirmation e-mail is sent and the order is not in the paid state. By activating the transaction update, such transactions can be authorized later over direct link. To use this feature the update service must be activated and the API username and the API password must be set.","When the store is not available (network outage, server failure or any other outage), when the feedback of Datatrans is sent, then the transaction state is not updated. Hence no order confirmation e-mail is sent and the order is not in the paid state. By activating the transaction update, such transactions can be authorized later over direct link. To use this feature the update service must be activated and the API username and the API password must be set."
"When the store is not available (network outage, server failure or any other outage), when the feedback of Datatrans is sent, then the transaction state is not updated. Hence no order confirmation e-mail is sent and the order is not in the paid state. By activating the transaction update, such transactions can be authorized.","Als de winkel is niet beschikbaar (netwerkstoring, server storing of een andere uitval), wanneer de terugkoppeling van Datatrans wordt verzonden, dan is de transactie staat is niet bijgewerkt. Dus geen orderbevestiging e-mail wordt verzonden en de volgorde is niet in de betaalde staat. Door de transactie-update activeert, kunnen dergelijke transacties worden toegestaan."
"When using an external checkout, the customer can either be asked to chose an option to authenticate (as guest, register or login) or he can always be checked out as guest. For the second option to work, guest checkout has to be enabled in magento.","When using an external checkout, the customer can either be asked to chose an option to authenticate (as guest, register or login) or he can always be checked out as guest. For the second option to work, guest checkout has to be enabled in magento."
"Wheter the payment page shows the payment method selection as list (default) or as a grid. Possible values: &quot;list&quot; or &quot;grid&quot;","Wheter the payment page shows the payment method selection as list (default) or as a grid. Possible values: &quot;list&quot; or &quot;grid&quot;"
"Which account should be used for transactions done with the alias manager?","Welke rekening moet worden gebruikt voor transacties gedaan met de alias manager?"
"Year","Jaar"
"Yes","Ja"
"Yes, sign also settlement requests.","Ja, ondertekenen 'Settlement Requests'."
"Yes, switch automatically to mobile view","Ja, automatisch overschakelen naar mobiele weergave"
"Yes, use images for the brand selection.","Ja, gebruik beelden voor het merk selectie."
"You can allow the customers to manage/delete their aliases in the their account.","You can allow the customers to manage/delete their aliases in the their account."
"You can decide on the order status new orders should have after they are processed successfully.","Definiër de order status, die met succes werden verwerkt."
"You can decide on the order status new orders should have that have an uncertain authorization status.","Definiër de order status, die een onzekere status hebben."
"You can sign also the settlement requests to increase the security. This value must correspond with the setting in the backoffice of Datatrans. Note: In case you use the mail and phone order (MoTo) or the recurring feature you have to set this option in both account identically.","U kunt 'settlement requests' ondertekenen om de veiligheid te verhogen. Deze waarde moet overeenkomen met de geselecteerde waarde in de back-end van Datatrans. Opmerking: In het geval u de e-mail en telefoon bestellen (MoTo) of terugkerende bestellingen te gebruiken, moet u het beveiligingsniveau identiek in beide accounts."
"You can specify the order status for new orders that have an uncertain authorisation status.","U kunt de status van de bestelling voor nieuwe orders die een onzekere status van machtiging te geven."
"You can specify the order status for orders that are captured either directly after the order or manually in the backend.","U kunt de status van de bestelling voor bestellingen die ofwel zijn vastgelegd direct na de bestelling of handmatig in de backend specificeren."
"You can specify the order status when an order is cancelled.","U kunt de status van de bestelling aangeven wanneer een bestelling wordt geannuleerd."
"You can switch between the different environments, by selecting the corresponding operation mode. The test environment can be found at https://pilot.datatrans.biz/.","U kunt schakelen tussen de verschillende omgevingen, door het selecteren van de bijbehorende operatie modus. De testomgeving is te vinden op https://pilot.datatrans.biz/."
"You created the order.","You created the order."
"You have no stored aliases.","You have no stored aliases."
"You have set the security level in the shop to level 2. But the callback does not contain the sign2. Have you activated the security level 2 in the back office of Datatrans?","Je hebt het beveiligingsniveau in de winkel naar niveau 2. Maar de callback niet de sign2 bevatten. Hebt u het beveiligingsniveau 2 in de backoffice van Datatrans geactiveerd?"
"You have to enter a card number.","Je moet een kaartnummer in te voeren."
"You have to enter bank code of your bank.","Je moet bankcode van uw bank in te voeren."
"You have to enter commercial number of you company.","Je moet commerciële aantal van jullie bedrijf in te voeren."
"You have to enter either the CVC code or the issue number of your card.","Je moet ofwel de CVC-code of het nummer van afgifte van uw kaart in te voeren."
"You have to enter sales tax number of you company.","Je moet omzetbelasting aantal van jullie bedrijf in te voeren."
"You have to enter sales tax number of your company.","You have to enter sales tax number of your company."
"You have to enter the BIC.","Je moet de BIC in te voeren."
"You have to enter the CVC code from your card.","U moet de CVC uw kaart in te voeren."
"You have to enter the IBAN.","Je moet de IBAN in te voeren."
"You have to enter the account holder name on the card.","Je moet de naam rekeninghouder op de kaart in te voeren."
"You have to enter the account holder name.","Je moet de naam van de rekeninghouder te voeren."
"You have to enter the card holder name on the card.","U moet de kaarthouder in te voeren."
"You have to enter the location of your bank.","Je moet de locatie van uw bank in te voeren."
"You have to enter the name of the account owner.","Je moet de rekeninghouder te voeren."
"You have to enter the name of your bank.","Je moet de naam van uw bank in te voeren."
"You have to enter your IBAN Number.","Je moet voer uw IBAN-nummer."
"You have to enter your bank account number.","Je moet het rekeningnummer van uw bankrekening in te voeren."
"You have to enter your social security number.","U moet uw sofi-nummer in te voeren."
"You have to submit a CSS file to Datatrans where the CSS class selector has to match with this value.","You have to submit a CSS file to Datatrans where the CSS class selector has to match with this value."
"You may choose one of the cards you paid before on this site.","U kunt kiezen uit een eerder gebruikte kaart:"
"You may choose one of your stored payment details.","You may choose one of your stored payment details."
"You will be redirect to the order confirmation page.","U wordt omgeleid naar de pagina orderbevestiging."
"Your browser does not allow the execution of JavaScript. Please activate JavaScript in your browser and reload this page.","Uw browser staat niet toe dat de uitvoering van JavaScript. Gelieve JavaScript te activeren in uw browser en herlaad deze pagina."
"Your checkout session expired.","Your checkout session expired."
"DatatransCw Aliases","DatatransCw Alias"
"____paymentMethodName____","____paymentMethodName____"
"Datatrans Aliases","Datatrans Aliases"
"Datatrans Error","Fout met Datatrans"
"Datatrans Live Merchant ID","Datatrans Live Merchant ID"
"Datatrans Live MoTo Merchant ID","Datatrans Live MoTo Merchant ID"
"Datatrans Live Recurring Merchant ID","Datatrans Live Recurring Merchant ID"
"Datatrans Parameters","Datatrans Parameters"
"Datatrans Refund Items","Datatrans Refund Items"
"Datatrans Section","Datatrans Section"
"Datatrans Test Merchant ID","Datatrans Test Merchant ID"
"Datatrans Test MoTo Merchant ID","Datatrans Test MoTo Merchant ID"
"Datatrans Test Recurring Merchant ID","Datatrans Test Recurring Merchant ID"
"Datatrans Transactions","Datatrans Transactions"
"Datatrans can show a mobile device optimized payment page. Should the optimized payment page shown, in case the user has a tablet or a mobile device?","Datatrans kan een mobiel apparaat geoptimaliseerde betaalpagina te tonen. Wil je de geoptimaliseerde betaalpagina gebruiken als de gebruiker een tablet of een mobiel apparaat heeft?"
"Datatrans:","Datatrans:"
"Datatrans: Alias Management","Datatrans: Alias Management"
"customweb ltd","customweb ltd"
"myOne","myOne"
"no","no"
"or","or"
"yes","yes"
